STATEFIP,STATE_NAME,ORIGIN_GROUP,TOTAL_2NDGEN_IN_STATE,GROUP_COUNT_IN_STATE,GROUP_SHARE_PCT,OUTMARRIAGE_RATE,THIRD_GEN_RATE,HERITAGE_RATE,WEIGHTED_N,UNWEIGHTED_N
1,Alabama,Germany,27266.04,11136.519999999999,40.84,60.06,42.87,39.94,11136.519999999999,333
1,Alabama,Ireland,27266.04,5234.950000000001,19.2,61.27,46.34,38.73,5234.950000000001,227
4,Arizona,Mexico,27206.28,12183.669999999998,44.78,15.54,12.43,84.46,12183.669999999998,409
5,Arkansas,Germany,30259.35,14556.810000000001,48.11,59.0,44.66,41.0,14556.810000000001,469
5,Arkansas,Ireland,30259.35,6056.550000000001,20.02,74.78,57.08,25.22,6056.550000000001,189
6,California,Austria,631513.21,6024.280000000001,0.95,80.47,27.96,19.53,6024.280000000001,222
6,California,Canada,631513.21,30516.120000000003,4.83,82.66,50.39,17.34,30516.120000000003,1030
6,California,Denmark,631513.21,17114.98,2.71,80.1,39.98,19.9,17114.98,587
6,California,England,631513.21,64039.590000000004,10.14,80.42,50.81,19.58,64039.590000000004,2107
6,California,France,631513.21,16526.17,2.62,83.47,39.27,16.53,16526.17,555
6,California,Germany,631513.21,174392.72000000003,27.62,65.32,37.73,34.68,174392.72000000003,5747
6,California,Ireland,631513.21,112569.22,17.83,61.14,30.88,38.86,112569.22,3771
6,California,Italy,631513.21,37121.869999999995,5.88,36.67,15.29,63.33,37121.869999999995,1351
6,California,Mexico,631513.21,17312.089999999997,2.74,30.19,21.75,69.81,17312.089999999997,758
6,California,Norway,631513.21,13255.199999999999,2.1,77.28,35.72,22.72,13255.199999999999,506
6,California,Poland,631513.21,5151.85,0.82,65.8,16.51,34.2,5151.85,190
6,California,Portugal,631513.21,33242.850000000006,5.26,32.11,14.19,67.89,33242.850000000006,1116
6,California,Russia/USSR,631513.21,15874.009999999997,2.51,40.95,14.37,59.05,15874.009999999997,636
6,California,Scotland,631513.21,16287.5,2.58,86.35,46.03,13.65,16287.5,605
6,California,Sweden,631513.21,29519.42,4.67,73.57,41.06,26.43,29519.42,1029
6,California,Switzerland,631513.21,13228.25,2.09,82.91,37.53,17.09,13228.25,400
6,California,Wales,631513.21,5586.98,0.88,82.32,51.59,17.68,5586.98,191
8,Colorado,England,140686.42,19537.309999999998,13.89,81.88,60.14,18.12,19537.309999999998,574
8,Colorado,Germany,140686.42,44500.81,31.63,64.1,41.64,35.9,44500.81,1336
8,Colorado,Ireland,140686.42,20442.010000000002,14.53,66.54,39.51,33.46,20442.010000000002,708
8,Colorado,Italy,140686.42,6230.110000000001,4.43,25.97,13.38,74.03,6230.110000000001,227
8,Colorado,Russia/USSR,140686.42,6151.950000000001,4.37,29.53,13.1,70.47,6151.950000000001,204
8,Colorado,Scotland,140686.42,6271.300000000001,4.46,91.28,49.73,8.72,6271.300000000001,189
8,Colorado,Sweden,140686.42,11627.43,8.26,62.09,40.14,37.91,11627.43,355
9,Connecticut,Canada,300494.14,27383.299999999996,9.11,42.08,22.06,57.92,27383.299999999996,913
9,Connecticut,England,300494.14,25747.53,8.57,76.14,50.88,23.86,25747.53,862
9,Connecticut,Germany,300494.14,56711.46000000001,18.87,58.72,29.46,41.28,56711.46000000001,1692
9,Connecticut,Ireland,300494.14,118034.71,39.28,35.27,18.22,64.73,118034.71,4002
9,Connecticut,Italy,300494.14,18696.950000000004,6.22,21.18,5.98,78.82,18696.950000000004,731
9,Connecticut,Poland,300494.14,8036.54,2.67,38.52,14.05,61.48,8036.54,350
9,Connecticut,Russia/USSR,300494.14,6919.530000000001,2.3,22.06,3.26,77.94,6919.530000000001,247
9,Connecticut,Scotland,300494.14,7324.01,2.44,89.92,47.13,10.08,7324.01,263
9,Connecticut,Sweden,300494.14,11008.230000000001,3.66,62.33,29.93,37.67,11008.230000000001,382
10,Delaware,Ireland,23103.55,11325.49,49.02,46.96,36.51,53.04,11325.49,376
11,District of Columbia,Germany,40403.689999999995,14383.16,35.6,61.62,43.63,38.38,14383.16,509
11,District of Columbia,Ireland,40403.689999999995,14643.76,36.24,61.62,45.34,38.38,14643.76,494
12,Florida,Cuba,44344.71,5090.860000000001,11.48,17.41,5.51,82.59,5090.860000000001,177
12,Florida,Germany,44344.71,11075.8,24.98,66.76,47.33,33.24,11075.8,370
13,Georgia,Germany,18983.43,6693.33,35.26,71.39,56.13,28.61,6693.33,233
13,Georgia,Ireland,18983.43,5755.290000000002,30.32,54.89,46.82,45.11,5755.290000000002,247
15,Hawaii,Japan,29174.79,9339.079999999998,32.01,3.25,1.73,96.75,9339.079999999998,392
15,Hawaii,Portugal,29174.79,11233.219999999998,38.5,21.64,11.18,78.36,11233.219999999998,377
16,Idaho,Denmark,60761.59,6204.86,10.21,66.54,42.24,33.46,6204.86,155
16,Idaho,England,60761.59,14567.359999999999,23.97,67.25,38.72,32.75,14567.359999999999,374
16,Idaho,Germany,60761.59,12779.740000000002,21.03,69.82,37.94,30.18,12779.740000000002,350
16,Idaho,Sweden,60761.59,5178.14,8.52,64.77,44.2,35.23,5178.14,134
17,Illinois,Austria,1716779.68,24447.64,1.42,55.62,14.96,44.38,24447.64,598
17,Illinois,Belgium,1716779.68,5255.290000000001,0.31,56.91,15.91,43.09,5255.290000000001,172
17,Illinois,Canada,1716779.68,42293.97,2.46,68.18,35.28,31.82,42293.97,1395
17,Illinois,Czechoslovakia,1716779.68,58515.78000000001,3.41,34.56,10.68,65.44,58515.78000000001,2062
17,Illinois,Denmark,1716779.68,18063.43,1.05,67.47,29.59,32.53,18063.43,505
17,Illinois,England,1716779.68,101813.5,5.93,79.82,49.98,20.18,101813.5,3673
17,Illinois,France,1716779.68,20686.579999999998,1.2,77.82,34.32,22.18,20686.579999999998,741
17,Illinois,Germany,1716779.68,805816.1400000001,46.94,40.02,22.79,59.98,805816.1400000001,26321
17,Illinois,Ireland,1716779.68,267121.36,15.56,51.41,26.59,48.59,267121.36,9297
17,Illinois,Italy,1716779.68,33060.060000000005,1.93,29.86,10.67,70.14,33060.060000000005,1258
17,Illinois,Lithuania,1716779.68,5894.470000000001,0.34,51.82,16.35,48.18,5894.470000000001,273
17,Illinois,Netherlands,1716779.68,18610.04,1.08,51.87,23.5,48.13,18610.04,623
17,Illinois,Norway,1716779.68,38792.240000000005,2.26,61.88,22.94,38.12,38792.240000000005,1234
17,Illinois,Poland,1716779.68,77604.80000000002,4.52,28.39,7.64,71.61,77604.80000000002,2818
17,Illinois,Russia/USSR,1716779.68,29643.780000000006,1.73,34.09,6.11,65.91,29643.780000000006,1086
17,Illinois,Scotland,1716779.68,29457.15,1.72,81.97,40.94,18.03,29457.15,1028
17,Illinois,Sweden,1716779.68,101674.8,5.92,58.17,30.5,41.83,101674.8,3333
17,Illinois,Switzerland,1716779.68,14505.279999999999,0.84,76.34,28.65,23.66,14505.279999999999,465
17,Illinois,Wales,1716779.68,6379.150000000001,0.37,86.27,45.64,13.73,6379.150000000001,258
18,Indiana,Canada,413454.36,6282.309999999999,1.52,80.51,63.85,19.49,6282.309999999999,232
18,Indiana,England,413454.36,17468.61,4.23,86.99,67.54,13.01,17468.61,840
18,Indiana,France,413454.36,8903.17,2.15,71.65,39.79,28.35,8903.17,362
18,Indiana,Germany,413454.36,278973.06999999995,67.47,44.16,35.56,55.84,278973.06999999995,9680
18,Indiana,Ireland,413454.36,54154.880000000005,13.1,67.91,49.88,32.09,54154.880000000005,2075
18,Indiana,Poland,413454.36,9255.580000000002,2.24,29.18,13.91,70.82,9255.580000000002,334
18,Indiana,Scotland,413454.36,5467.1500000000015,1.32,92.19,62.91,7.81,5467.1500000000015,222
18,Indiana,Sweden,413454.36,6354.77,1.54,74.03,45.01,25.97,6354.77,205
18,Indiana,Switzerland,413454.36,5888.71,1.42,79.89,51.02,20.11,5888.71,207
19,Iowa,Austria,681117.31,7831.36,1.15,42.66,19.24,57.34,7831.36,124
19,Iowa,Canada,681117.31,12037.369999999999,1.77,85.1,51.43,14.9,12037.369999999999,466
19,Iowa,Czechoslovakia,681117.31,21962.020000000004,3.22,31.28,19.4,68.72,21962.020000000004,740
19,Iowa,Denmark,681117.31,22215.230000000003,3.26,55.56,32.11,44.44,22215.230000000003,666
19,Iowa,England,681117.31,45111.78999999999,6.62,82.36,55.66,17.64,45111.78999999999,1682
19,Iowa,Germany,681117.31,328471.53,48.23,37.92,25.88,62.08,328471.53,10371
19,Iowa,Ireland,681117.31,100076.84000000001,14.69,53.21,30.39,46.79,100076.84000000001,3671
19,Iowa,Netherlands,681117.31,19869.07,2.92,28.22,18.25,71.78,19869.07,656
19,Iowa,Norway,681117.31,44806.04,6.58,30.12,17.15,69.88,44806.04,1468
19,Iowa,Scotland,681117.31,13713.1,2.01,88.19,57.21,11.81,13713.1,519
19,Iowa,Sweden,681117.31,37398.83,5.49,54.7,35.5,45.3,37398.83,1130
19,Iowa,Switzerland,681117.31,7093.190000000001,1.04,72.67,32.89,27.33,7093.190000000001,277
19,Iowa,Wales,681117.31,7160.920000000001,1.05,64.36,37.81,35.64,7160.920000000001,232
20,Kansas,Canada,268947.69,9018.59,3.35,73.21,55.13,26.79,9018.59,341
20,Kansas,Czechoslovakia,268947.69,8195.120000000003,3.05,22.31,14.77,77.69,8195.120000000003,255
20,Kansas,England,268947.69,22091.85,8.21,88.85,73.24,11.15,22091.85,857
20,Kansas,Germany,268947.69,112540.15,41.84,57.37,43.36,42.63,112540.15,3581
20,Kansas,Ireland,268947.69,37794.03,14.05,58.62,41.0,41.38,37794.03,1358
20,Kansas,Russia/USSR,268947.69,19122.3,7.11,19.2,10.0,80.8,19122.3,626
20,Kansas,Scotland,268947.69,7449.620000000001,2.77,91.6,64.18,8.4,7449.620000000001,269
20,Kansas,Sweden,268947.69,19702.370000000003,7.33,47.14,35.99,52.86,19702.370000000003,572
20,Kansas,Switzerland,268947.69,6957.540000000001,2.59,82.14,47.76,17.86,6957.540000000001,222
21,Kentucky,Germany,141788.72,100664.95000000001,71.0,36.14,26.55,63.86,100664.95000000001,3490
21,Kentucky,Ireland,141788.72,26045.79,18.37,55.13,36.65,44.87,26045.79,982
22,Louisiana,France,93444.73,12569.0,13.45,61.85,31.83,38.15,12569.0,489
22,Louisiana,Germany,93444.73,38152.03999999999,40.83,51.44,27.96,48.56,38152.03999999999,1450
22,Louisiana,Ireland,93444.73,15630.599999999999,16.73,60.2,29.68,39.8,15630.599999999999,684
22,Louisiana,Italy,93444.73,15431.279999999999,16.51,33.22,22.53,66.78,15431.279999999999,519
23,Maine,Canada,82676.0,51068.28,61.77,33.5,27.67,66.5,51068.28,1660
23,Maine,Ireland,82676.0,18243.010000000002,22.07,54.41,29.12,45.59,18243.010000000002,689
24,Maryland,England,203234.41999999998,6315.08,3.11,85.09,62.37,14.91,6315.08,273
24,Maryland,Germany,203234.41999999998,129495.75,63.72,42.58,33.6,57.42,129495.75,4549
24,Maryland,Ireland,203234.41999999998,33135.32,16.3,54.78,34.4,45.22,33135.32,1244
24,Maryland,Poland,203234.41999999998,7351.64,3.62,31.61,12.12,68.39,7351.64,255
24,Maryland,Russia/USSR,203234.41999999998,7062.110000000001,3.47,23.59,7.68,76.41,7062.110000000001,276
25,Massachusetts,Canada,819538.96,198000.01,24.16,39.52,22.34,60.48,198000.01,6386
25,Massachusetts,England,819538.96,66213.65999999999,8.08,71.85,41.38,28.15,66213.65999999999,2290
25,Massachusetts,Germany,819538.96,48635.56,5.93,66.29,30.68,33.71,48635.56,1624
25,Massachusetts,Ireland,819538.96,372815.42,45.49,37.85,16.74,62.15,372815.42,12537
25,Massachusetts,Italy,819538.96,26522.129999999997,3.24,23.34,8.09,76.66,26522.129999999997,1094
25,Massachusetts,Poland,819538.96,9983.25,1.22,37.82,9.72,62.18,9983.25,442
25,Massachusetts,Portugal,819538.96,14700.95,1.79,35.64,10.35,64.36,14700.95,512
25,Massachusetts,Russia/USSR,819538.96,19634.789999999997,2.4,22.41,3.31,77.59,19634.789999999997,742
25,Massachusetts,Scotland,819538.96,21059.82,2.57,86.0,39.45,14.0,21059.82,666
25,Massachusetts,Sweden,819538.96,19329.060000000005,2.36,61.56,29.24,38.44,19329.060000000005,658
26,Michigan,Austria,887715.34,7033.110000000001,0.79,62.49,14.83,37.51,7033.110000000001,227
26,Michigan,Canada,887715.34,151449.22,17.06,54.16,32.86,45.84,151449.22,4822
26,Michigan,Czechoslovakia,887715.34,6362.5700000000015,0.72,66.94,25.64,33.06,6362.5700000000015,236
26,Michigan,Denmark,887715.34,9390.7,1.06,78.78,34.83,21.22,9390.7,280
26,Michigan,England,887715.34,75267.29000000001,8.48,76.59,44.04,23.41,75267.29000000001,2797
26,Michigan,Finland,887715.34,10749.380000000001,1.21,32.2,9.13,67.8,10749.380000000001,443
26,Michigan,France,887715.34,9088.769999999999,1.02,86.55,34.61,13.45,9088.769999999999,357
26,Michigan,Germany,887715.34,343172.3,38.66,48.14,25.57,51.86,343172.3,10834
26,Michigan,Ireland,887715.34,78423.26000000001,8.83,65.83,29.43,34.17,78423.26000000001,2994
26,Michigan,Italy,887715.34,7409.46,0.83,33.39,15.21,66.61,7409.46,307
26,Michigan,Netherlands,887715.34,64716.20000000001,7.29,33.31,18.87,66.69,64716.20000000001,2052
26,Michigan,Norway,887715.34,8175.4800000000005,0.92,76.51,30.6,23.49,8175.4800000000005,278
26,Michigan,Poland,887715.34,48034.14000000001,5.41,27.53,8.95,72.47,48034.14000000001,1727
26,Michigan,Russia/USSR,887715.34,8547.42,0.96,40.51,16.34,59.49,8547.42,294
26,Michigan,Scotland,887715.34,16201.960000000001,1.83,89.41,42.15,10.59,16201.960000000001,625
26,Michigan,Sweden,887715.34,24087.760000000002,2.71,68.61,26.9,31.39,24087.760000000002,817
26,Michigan,Switzerland,887715.34,5265.42,0.59,84.47,32.62,15.53,5265.42,168
27,Minnesota,Austria,856598.52,14564.19,1.7,41.28,11.31,58.72,14564.19,298
27,Minnesota,Canada,856598.52,43473.03,5.08,61.29,30.18,38.71,43473.03,1350
27,Minnesota,Czechoslovakia,856598.52,22160.96,2.59,38.47,14.31,61.53,22160.96,701
27,Minnesota,Denmark,856598.52,19662.17,2.3,67.25,26.06,32.75,19662.17,598
27,Minnesota,England,856598.52,20889.37,2.44,81.83,43.45,18.17,20889.37,713
27,Minnesota,Finland,856598.52,9187.29,1.07,24.32,7.65,75.68,9187.29,343
27,Minnesota,Germany,856598.52,307408.76,35.89,37.15,16.77,62.85,307408.76,9646
27,Minnesota,Ireland,856598.52,76369.57,8.92,46.46,18.32,53.54,76369.57,2520
27,Minnesota,Netherlands,856598.52,5243.79,0.61,64.69,23.55,35.31,5243.79,188
27,Minnesota,Norway,856598.52,168913.96,19.72,35.87,13.49,64.13,168913.96,5196
27,Minnesota,Poland,856598.52,18642.66,2.18,39.61,11.58,60.39,18642.66,566
27,Minnesota,Scotland,856598.52,8358.95,0.98,89.31,42.08,10.69,8358.95,270
27,Minnesota,Sweden,856598.52,111587.18000000001,13.03,44.49,14.47,55.51,111587.18000000001,3602
27,Minnesota,Switzerland,856598.52,6127.68,0.72,88.25,33.16,11.75,6127.68,194
28,Mississippi,Germany,14162.33,5674.000000000001,40.06,65.51,46.62,34.49,5674.000000000001,201
29,Missouri,Austria,543405.63,6115.370000000002,1.13,59.3,23.31,40.7,6115.370000000002,163
29,Missouri,Canada,543405.63,5561.5999999999985,1.02,92.45,69.32,7.55,5561.5999999999985,189
29,Missouri,England,543405.63,26688.31,4.91,89.99,64.31,10.01,26688.31,1005
29,Missouri,France,543405.63,11701.79,2.15,84.37,43.55,15.63,11701.79,387
29,Missouri,Germany,543405.63,353670.26,65.08,38.1,27.51,61.9,353670.26,11870
29,Missouri,Ireland,543405.63,82360.71,15.16,59.12,35.5,40.88,82360.71,2908
29,Missouri,Italy,543405.63,5268.33,0.97,45.38,26.67,54.62,5268.33,213
29,Missouri,Russia/USSR,543405.63,5417.860000000001,1.0,35.24,15.48,64.76,5417.860000000001,177
29,Missouri,Scotland,543405.63,6234.300000000001,1.15,92.53,65.07,7.47,6234.300000000001,229
29,Missouri,Sweden,543405.63,7480.38,1.38,77.14,53.57,22.86,7480.38,210
29,Missouri,Switzerland,543405.63,10545.35,1.94,82.41,41.63,17.59,10545.35,329
30,Montana,Canada,87630.91,8840.52,10.09,78.03,47.7,21.97,8840.52,258
30,Montana,England,87630.91,8201.82,9.36,73.58,37.26,26.42,8201.82,231
30,Montana,Germany,87630.91,19567.34,22.33,67.33,38.74,32.67,19567.34,562
30,Montana,Ireland,87630.91,15155.219999999998,17.29,62.99,27.8,37.01,15155.219999999998,456
30,Montana,Norway,87630.91,11814.199999999999,13.48,55.38,33.52,44.62,11814.199999999999,347
31,Nebraska,Austria,340791.65,11211.57,3.29,34.4,13.47,65.6,11211.57,177
31,Nebraska,Canada,340791.65,8130.42,2.39,87.4,61.61,12.6,8130.42,258
31,Nebraska,Czechoslovakia,340791.65,25985.250000000004,7.62,25.87,12.47,74.13,25985.250000000004,924
31,Nebraska,Denmark,340791.65,16966.94,4.98,62.64,35.56,37.36,16966.94,496
31,Nebraska,England,340791.65,18835.9,5.53,84.28,58.12,15.72,18835.9,634
31,Nebraska,Germany,340791.65,161090.7,47.27,39.58,25.74,60.42,161090.7,4829
31,Nebraska,Ireland,340791.65,32515.92,9.54,57.73,35.05,42.27,32515.92,1092
31,Nebraska,Poland,340791.65,5271.49,1.55,35.01,8.13,64.99,5271.49,185
31,Nebraska,Russia/USSR,340791.65,8036.989999999999,2.36,33.01,16.23,66.99,8036.989999999999,273
31,Nebraska,Sweden,340791.65,30984.64,9.09,50.27,34.72,49.73,30984.64,925
33,New Hampshire,Canada,68406.69,38611.850000000006,56.44,28.83,22.15,71.17,38611.850000000006,1278
33,New Hampshire,Ireland,68406.69,18241.24,26.67,50.42,30.13,49.58,18241.24,640
34,New Jersey,Austria,696445.07,13437.32,1.93,63.32,12.06,36.68,13437.32,511
34,New Jersey,Canada,696445.07,6284.519999999999,0.9,79.3,41.47,20.7,6284.519999999999,207
34,New Jersey,Czechoslovakia,696445.07,8022.389999999999,1.15,44.3,10.33,55.7,8022.389999999999,323
34,New Jersey,England,696445.07,57529.34,8.26,75.68,46.16,24.32,57529.34,2000
34,New Jersey,France,696445.07,8753.01,1.26,84.99,28.64,15.01,8753.01,285
34,New Jersey,Germany,696445.07,257825.87,37.02,49.11,26.29,50.89,257825.87,8306
34,New Jersey,Hungary,696445.07,5502.889999999999,0.79,52.59,11.38,47.41,5502.889999999999,248
34,New Jersey,Ireland,696445.07,185823.15,26.68,47.16,23.31,52.84,185823.15,6360
34,New Jersey,Italy,696445.07,56592.020000000004,8.13,22.21,8.99,77.79,56592.020000000004,2210
34,New Jersey,Netherlands,696445.07,13822.480000000001,1.98,45.71,20.25,54.29,13822.480000000001,447
34,New Jersey,Poland,696445.07,20984.93,3.01,39.33,8.84,60.67,20984.93,887
34,New Jersey,Russia/USSR,696445.07,19564.72,2.81,36.3,6.8,63.7,19564.72,800
34,New Jersey,Scotland,696445.07,17110.42,2.46,88.93,43.17,11.07,17110.42,576
34,New Jersey,Sweden,696445.07,7002.870000000001,1.01,82.21,35.55,17.79,7002.870000000001,254
35,New Mexico,Mexico,17033.12,6631.74,38.93,25.05,24.35,74.95,6631.74,301
36,New York,Austria,2588508.19,57000.780000000006,2.2,63.35,8.35,36.65,57000.780000000006,2111
36,New York,Canada,2588508.19,87084.54000000001,3.36,57.97,35.92,42.03,87084.54000000001,3314
36,New York,Czechoslovakia,2588508.19,16887.14,0.65,42.44,11.24,57.56,16887.14,677
36,New York,Denmark,2588508.19,5681.5,0.22,88.97,51.04,11.03,5681.5,204
36,New York,England,2588508.19,157004.15,6.07,78.87,47.7,21.13,157004.15,6151
36,New York,France,2588508.19,32041.030000000002,1.24,81.77,28.93,18.23,32041.030000000002,1318
36,New York,Germany,2588508.19,936692.72,36.19,42.56,21.64,57.44,936692.72,30886
36,New York,Hungary,2588508.19,20443.090000000004,0.79,67.12,6.91,32.88,20443.090000000004,785
36,New York,Ireland,2588508.19,751826.4099999999,29.04,43.0,22.43,57.0,751826.4099999999,26996
36,New York,Italy,2588508.19,159212.18000000002,6.15,19.17,7.84,80.83,159212.18000000002,6169
36,New York,Netherlands,2588508.19,20032.8,0.77,66.59,31.73,33.41,20032.8,645
36,New York,Norway,2588508.19,8078.85,0.31,70.41,32.35,29.59,8078.85,310
36,New York,Poland,2588508.19,74646.87000000001,2.88,32.54,7.57,67.46,74646.87000000001,2865
36,New York,Romania,2588508.19,7407.119999999999,0.29,82.89,5.99,17.11,7407.119999999999,300
36,New York,Russia/USSR,2588508.19,146088.41000000003,5.64,34.91,4.58,65.09,146088.41000000003,5495
36,New York,Scotland,2588508.19,40345.229999999996,1.56,83.99,47.47,16.01,40345.229999999996,1689
36,New York,Sweden,2588508.19,29499.07,1.14,67.46,31.91,32.54,29499.07,1048
36,New York,Switzerland,2588508.19,9969.72,0.39,88.31,31.29,11.69,9969.72,360
36,New York,Wales,2588508.19,13928.57,0.54,69.01,46.27,30.99,13928.57,554
38,North Dakota,Canada,180944.3,14523.689999999999,8.03,55.95,30.49,44.05,14523.689999999999,403
38,North Dakota,Germany,180944.3,40171.45999999999,22.2,47.11,19.99,52.89,40171.45999999999,1113
38,North Dakota,Ireland,180944.3,9190.71,5.08,62.57,24.4,37.43,9190.71,262
38,North Dakota,Norway,180944.3,68378.34000000001,37.79,28.39,12.44,71.61,68378.34000000001,1888
38,North Dakota,Russia/USSR,180944.3,17143.329999999998,9.47,16.87,4.69,83.13,17143.329999999998,612
38,North Dakota,Sweden,180944.3,10146.89,5.61,73.46,23.96,26.54,10146.89,340
39,Ohio,Austria,1132508.72,14774.74,1.3,48.04,17.63,51.96,14774.74,386
39,Ohio,Canada,1132508.72,16402.75,1.45,83.87,51.75,16.13,16402.75,570
39,Ohio,Czechoslovakia,1132508.72,34032.32,3.01,35.36,12.72,64.64,34032.32,1291
39,Ohio,England,1132508.72,79968.78,7.06,80.1,53.2,19.9,79968.78,2915
39,Ohio,France,1132508.72,21221.91,1.87,75.68,41.29,24.32,21221.91,901
39,Ohio,Germany,1132508.72,657769.98,58.08,44.08,31.82,55.92,657769.98,23223
39,Ohio,Hungary,1132508.72,10348.17,0.91,43.23,11.75,56.77,10348.17,379
39,Ohio,Ireland,1132508.72,145540.93,12.85,62.55,37.9,37.45,145540.93,5601
39,Ohio,Italy,1132508.72,16513.989999999998,1.46,22.85,10.82,77.15,16513.989999999998,674
39,Ohio,Poland,1132508.72,24400.520000000004,2.15,26.77,7.24,73.23,24400.520000000004,873
39,Ohio,Russia/USSR,1132508.72,10998.740000000002,0.97,43.66,7.64,56.34,10998.740000000002,367
39,Ohio,Scotland,1132508.72,16610.89,1.47,92.52,57.53,7.48,16610.89,614
39,Ohio,Sweden,1132508.72,6808.269999999999,0.6,76.08,50.7,23.92,6808.269999999999,231
39,Ohio,Switzerland,1132508.72,27560.170000000006,2.43,76.58,44.09,23.42,27560.170000000006,939
39,Ohio,Wales,1132508.72,29167.130000000005,2.58,64.77,44.25,35.23,29167.130000000005,1057
40,Oklahoma,England,73480.96,5805.92,7.9,92.89,76.35,7.11,5805.92,153
40,Oklahoma,Germany,73480.96,29871.21,40.65,70.77,57.97,29.23,29871.21,825
40,Oklahoma,Ireland,73480.96,8498.23,11.57,66.9,56.45,33.1,8498.23,222
40,Oklahoma,Russia/USSR,73480.96,8416.640000000003,11.45,17.06,10.85,82.94,8416.640000000003,230
41,Oregon,Canada,108044.34,8413.509999999998,7.79,87.59,63.28,12.41,8413.509999999998,277
41,Oregon,England,108044.34,10188.240000000002,9.43,83.13,54.68,16.87,10188.240000000002,349
41,Oregon,Germany,108044.34,38279.240000000005,35.43,68.68,40.16,31.32,38279.240000000005,1146
41,Oregon,Ireland,108044.34,10817.060000000001,10.01,77.86,45.27,22.14,10817.060000000001,343
41,Oregon,Norway,108044.34,5945.429999999999,5.5,72.03,36.7,27.97,5945.429999999999,196
41,Oregon,Sweden,108044.34,8779.150000000001,8.13,75.51,38.88,24.49,8779.150000000001,284
42,Pennsylvania,Austria,1475311.08,36059.57000000001,2.44,46.19,10.67,53.81,36059.57000000001,1141
42,Pennsylvania,Canada,1475311.08,8356.25,0.57,91.63,58.43,8.37,8356.25,286
42,Pennsylvania,Czechoslovakia,1475311.08,32324.200000000004,2.19,32.12,7.92,67.88,32324.200000000004,1405
42,Pennsylvania,England,1475311.08,138321.65999999997,9.38,76.82,50.07,23.18,138321.65999999997,4921
42,Pennsylvania,France,1475311.08,15948.96,1.08,83.79,40.25,16.21,15948.96,594
42,Pennsylvania,Germany,1475311.08,525375.29,35.61,54.81,36.91,45.19,525375.29,18086
42,Pennsylvania,Hungary,1475311.08,8669.63,0.59,47.67,13.42,52.33,8669.63,285
42,Pennsylvania,Ireland,1475311.08,408268.44999999995,27.67,47.84,29.5,52.16,408268.44999999995,15150
42,Pennsylvania,Italy,1475311.08,60501.7,4.1,19.9,10.98,80.1,60501.7,2346
42,Pennsylvania,Lithuania,1475311.08,10233.11,0.69,39.24,10.22,60.76,10233.11,444
42,Pennsylvania,Poland,1475311.08,54111.94,3.67,28.96,7.68,71.04,54111.94,2153
42,Pennsylvania,Russia/USSR,1475311.08,42210.310000000005,2.86,29.32,6.3,70.68,42210.310000000005,1463
42,Pennsylvania,Scotland,1475311.08,37310.26,2.53,89.13,51.94,10.87,37310.26,1229
42,Pennsylvania,Sweden,1475311.08,17908.11,1.21,66.72,43.35,33.28,17908.11,585
42,Pennsylvania,Switzerland,1475311.08,8413.15,0.57,89.26,49.51,10.74,8413.15,283
42,Pennsylvania,Wales,1475311.08,54067.399999999994,3.66,64.65,36.9,35.35,54067.399999999994,1859
44,Rhode Island,Canada,142945.83,35449.92,24.8,29.04,13.66,70.96,35449.92,1129
44,Rhode Island,England,142945.83,19858.33,13.89,67.49,42.0,32.51,19858.33,685
44,Rhode Island,Germany,142945.83,6142.820000000001,4.3,75.99,27.35,24.01,6142.820000000001,202
44,Rhode Island,Ireland,142945.83,54849.84,38.37,37.42,16.68,62.58,54849.84,1858
44,Rhode Island,Italy,142945.83,8438.68,5.9,13.73,3.63,86.27,8438.68,304
44,Rhode Island,Scotland,142945.83,5073.390000000001,3.55,82.23,33.93,17.77,5073.390000000001,168
46,South Dakota,Canada,185929.44,7266.17,3.91,79.56,55.93,20.44,7266.17,212
46,South Dakota,Czechoslovakia,185929.44,5905.620000000001,3.18,34.79,17.81,65.21,5905.620000000001,198
46,South Dakota,Denmark,185929.44,7965.349999999999,4.28,56.12,29.46,43.88,7965.349999999999,248
46,South Dakota,England,185929.44,8622.03,4.64,75.67,50.06,24.33,8622.03,275
46,South Dakota,Germany,185929.44,59742.7,32.13,45.78,24.27,54.22,59742.7,1777
46,South Dakota,Ireland,185929.44,17612.23,9.47,54.49,30.79,45.51,17612.23,486
46,South Dakota,Norway,185929.44,35139.62,18.9,36.63,20.43,63.37,35139.62,1054
46,South Dakota,Russia/USSR,185929.44,19963.98,10.74,12.32,5.23,87.68,19963.98,633
46,South Dakota,Sweden,185929.44,9451.74,5.08,61.28,29.95,38.72,9451.74,303
47,Tennessee,Germany,34336.22,12958.52,37.74,63.19,47.85,36.81,12958.52,439
47,Tennessee,Ireland,34336.22,8953.65,26.08,52.6,40.23,47.4,8953.65,365
48,Texas,Austria,342806.86,9282.46,2.71,27.25,13.14,72.75,9282.46,200
48,Texas,Czechoslovakia,342806.86,20094.4,5.86,18.51,10.18,81.49,20094.4,727
48,Texas,England,342806.86,11735.329999999998,3.42,92.92,75.21,7.08,11735.329999999998,371
48,Texas,France,342806.86,5321.55,1.55,87.97,48.47,12.03,5321.55,169
48,Texas,Germany,342806.86,151913.19,44.31,35.73,26.64,64.27,151913.19,4961
48,Texas,Ireland,342806.86,17901.63,5.22,79.59,58.05,20.41,17901.63,660
48,Texas,Italy,342806.86,5058.639999999999,1.48,25.96,15.12,74.04,5058.639999999999,167
48,Texas,Mexico,342806.86,86744.29000000001,25.3,12.49,11.41,87.51,86744.29000000001,3228
48,Texas,Poland,342806.86,6763.33,1.97,35.95,8.37,64.05,6763.33,205
48,Texas,Sweden,342806.86,6327.200000000001,1.85,43.76,26.84,56.24,6327.200000000001,198
49,Utah,Denmark,110151.40000000001,19292.25,17.51,67.55,29.0,32.45,19292.25,561
49,Utah,England,110151.40000000001,52860.53,47.99,53.72,27.75,46.28,52860.53,1631
49,Utah,Germany,110151.40000000001,5785.08,5.25,77.55,40.83,22.45,5785.08,152
49,Utah,Scotland,110151.40000000001,8002.97,7.27,84.63,23.83,15.37,8002.97,220
49,Utah,Sweden,110151.40000000001,6824.6900000000005,6.2,85.09,31.16,14.91,6824.6900000000005,215
50,Vermont,Canada,59103.939999999995,34728.59,58.76,33.22,26.95,66.78,34728.59,1350
50,Vermont,Ireland,59103.939999999995,15236.219999999998,25.78,47.44,30.22,52.56,15236.219999999998,627
51,Virginia,Germany,31676.88,12491.86,39.44,69.76,56.71,30.24,12491.86,376
51,Virginia,Ireland,31676.88,7369.400000000001,23.26,64.66,49.59,35.34,7369.400000000001,301
53,Washington,Canada,204044.11,23210.190000000002,11.38,75.99,55.96,24.01,23210.190000000002,646
53,Washington,Denmark,204044.11,7422.679999999999,3.64,84.44,42.15,15.56,7422.679999999999,204
53,Washington,England,204044.11,16535.24,8.1,83.51,56.59,16.49,16535.24,513
53,Washington,Germany,204044.11,54948.94,26.93,70.61,41.02,29.39,54948.94,1619
53,Washington,Ireland,204044.11,21998.489999999998,10.78,70.62,40.24,29.38,21998.489999999998,571
53,Washington,Norway,204044.11,22590.58,11.07,67.31,34.77,32.69,22590.58,709
53,Washington,Russia/USSR,204044.11,5134.46,2.52,43.88,23.17,56.12,5134.46,168
53,Washington,Scotland,204044.11,5344.0599999999995,2.62,94.72,55.72,5.28,5344.0599999999995,176
53,Washington,Sweden,204044.11,20098.11,9.85,75.83,42.74,24.17,20098.11,661
54,West Virginia,Germany,54282.64,24757.67,45.61,60.15,48.05,39.85,24757.67,870
54,West Virginia,Ireland,54282.64,13301.060000000001,24.5,59.36,44.06,40.64,13301.060000000001,533
55,Wisconsin,Austria,1129669.86,16454.8,1.46,46.28,11.66,53.72,16454.8,392
55,Wisconsin,Belgium,1129669.86,14124.349999999999,1.25,37.41,11.65,62.59,14124.349999999999,424
55,Wisconsin,Canada,1129669.86,33795.28,2.99,63.81,28.16,36.19,33795.28,1192
55,Wisconsin,Czechoslovakia,1129669.86,22865.82,2.02,45.49,14.68,54.51,22865.82,783
55,Wisconsin,Denmark,1129669.86,19392.269999999997,1.72,70.14,25.28,29.86,19392.269999999997,606
55,Wisconsin,England,1129669.86,45816.91,4.06,67.92,37.99,32.08,45816.91,1770
55,Wisconsin,France,1129669.86,5306.860000000001,0.47,88.22,26.9,11.78,5306.860000000001,179
55,Wisconsin,Germany,1129669.86,647253.63,57.3,28.66,15.24,71.34,647253.63,20653
55,Wisconsin,Ireland,1129669.86,84165.68,7.45,47.14,17.96,52.86,84165.68,3175
55,Wisconsin,Netherlands,1129669.86,19182.21,1.7,45.1,17.97,54.9,19182.21,609
55,Wisconsin,Norway,1129669.86,98333.54999999999,8.7,38.52,18.5,61.48,98333.54999999999,3170
55,Wisconsin,Poland,1129669.86,55706.36,4.93,31.04,8.83,68.96,55706.36,1577
55,Wisconsin,Scotland,1129669.86,10934.04,0.97,77.19,35.41,22.81,10934.04,380
55,Wisconsin,Sweden,1129669.86,21805.83,1.93,56.83,20.88,43.17,21805.83,731
55,Wisconsin,Switzerland,1129669.86,11654.27,1.03,62.08,20.82,37.92,11654.27,418
55,Wisconsin,Wales,1129669.86,8583.54,0.76,53.6,24.4,46.4,8583.54,331
56,Wyoming,Germany,25715.89,6109.88,23.76,77.74,51.06,22.26,6109.88,194
