YEAR,COUNTRY,n_unweighted,total_weighted,pct_married_us_born,pct_same_country,pct_same_region,pct_different_region
1880,Austria,387.0,37899.91,13.110268599582428,72.25901064145006,0.0,14.6307207589675
1880,Austria-Hungary (ns),192.0,19591.11,14.45002350555941,51.273460258249806,3.704843676545126,30.57167255964567
1880,Canada,3293.0,329764.07,36.43478199429065,51.18566737728584,0.0,12.379550628423527
1880,Channel Islands,979.0,97928.68000000001,29.853767047610567,43.42380597798316,11.06741150804851,15.655015466357758
1880,China,64.0,6036.9,1.5923735692159884,96.81525286156803,0.0,1.5923735692159884
1880,Code 414,10907.0,1098581.91,14.671230113374067,78.71737210746535,1.2472233408613111,5.364174438299281
1880,Czechoslovakia,572.0,58282.81,2.5991025484186503,91.01414293511242,1.0204209440141956,5.366333572454726
1880,England,350.0,34732.380000000005,9.758617175097125,77.34390790380617,5.523923209408626,7.373551711688053
1880,Germany,948.0,95229.61,21.640695577772505,51.62173823876839,1.358085998672052,25.379480184787067
1880,Iceland,213.0,21342.170000000006,11.989502473272395,77.10209411695249,0.0,10.908403409775103
1880,Ireland,3903.0,393654.73000000004,33.49733915301868,52.79058630897182,0.0,13.712074538009485
1880,Isle of Man,466.0,46896.77,24.280392871406715,66.32367218467286,3.062257805814772,6.333677138105674
1880,Mexico,324.0,31216.619999999995,9.383238800356994,88.10454174731281,0.0,2.5122194523302013
1880,Netherlands,63.0,6275.63,13.759734082474587,73.21241054682956,0.0,13.027855370695848
1880,Northern Ireland,1053.0,104897.98999999999,6.554386790442791,88.10300368958453,4.293838232744021,1.0487712872286685
1880,Poland,13128.0,1316492.8599999999,14.278636497884237,79.92396100044175,0.0,5.797402501674032
1880,Romania,390.0,39527.53,6.427520262460113,78.61923069819944,0.7576491624951016,14.195599876845327
1880,Spain,167.0,16227.649999999998,4.686815404571827,79.52747317079184,0.0,15.785711424636348
1880,Switzerland,533.0,53206.31,20.402674043736535,49.78101281596112,0.0,29.81631314030235
1880,United Kingdom (ns),1055.0,105502.87,5.3700908799921745,86.07267271496973,5.142789006592902,3.414447398445179
1900,Africa (ns),67.0,1316.45,51.99893653386,12.01412890728854,0.0,35.98693455885146
1900,Albania,368.0,7273.73,2.1774247875574155,77.1760843473706,6.49515448057599,14.151336384495988
1900,Australia,189.0,3710.67,52.94488596399033,15.805770925466286,0.0,31.249343110543375
1900,Austria,3003.0,58830.72,18.343239722376335,73.61079381656387,0.0,8.0459664610598
1900,Austria-Hungary (ns),7009.0,138036.19,8.053105493566578,77.96488732411404,2.7310156850895404,11.250991497229819
1900,Born abroad (US parents),363.0,7132.91,64.27348725835598,2.1887280226443346,0.0,33.53778471899967
1900,Bulgaria,3394.0,66845.22,3.7741816093955562,88.10691325423117,3.437867359850113,4.681037776523138
1900,Canada,33416.0,656273.8200000001,39.08877547484676,51.82313077794265,0.0,9.088093747210577
1900,Channel Islands,6880.0,135220.63,33.84943554840707,42.43250456679576,8.932054228707557,14.786005656089607
1900,China,180.0,3511.52,24.022645464072532,74.32507859844168,0.0,1.6522759374857612
1900,Code 414,42047.0,828629.48,23.931695020070975,67.20574797797443,1.7461531781369883,7.1164038238176115
1900,Cuba,246.0,4860.66,32.90705377459028,53.70834413433566,1.2191759966753488,12.165426094398704
1900,Czechoslovakia,5462.0,107262.98,10.992758172484114,83.53402077771848,1.7434160415830326,3.7298050082143903
1900,England,4937.0,96443.5,16.23673964549192,68.38242079559535,8.661091727280741,6.719747831631992
1900,Europe (ns),51.0,1042.3200000000002,28.624606646711182,61.06569959321513,0.0,10.309693760073682
1900,France,165.0,3238.3199999999997,41.35940858222782,32.47424590528423,0.0,26.166345512487965
1900,Germany,3897.0,76755.91,27.485766242625488,48.40773824452085,2.5062825781102713,21.6002129347434
1900,Iceland,11445.0,225887.57,4.6864331667298025,93.13504944074612,0.008397983120540894,2.170119409403536
1900,India,170.0,3363.7000000000003,65.74426970300561,21.30392127716502,0.0,12.951809019829355
1900,Ireland,25809.0,507913.13,40.11133360541398,44.785441951461266,0.0,15.103224443124752
1900,Isle of Man,3054.0,60093.17,32.252034632221935,51.906997084693664,4.158941856453903,11.682026426630514
1900,Italy,80.0,1588.7999999999997,1.2613293051359518,94.97734138972808,0.0,3.761329305135952
1900,Lebanon,148.0,2912.1799999999994,4.745929166466359,93.21951253013208,0.0,2.034558303401576
1900,Mexico,2419.0,47475.54,23.226570987923463,75.04205323414962,0.0,1.7313757779269068
1900,Middle East (ns),153.0,3014.92,8.526926087591047,83.56042614729411,0.0,7.912647765114827
1900,Netherlands,1058.0,20969.739999999998,14.69231378166825,80.86642943593961,0.0,4.441256782392153
1900,Northern Ireland,10667.0,207327.29,15.335680121994551,74.87383836445264,7.746491067336095,2.043990446216704
1900,Poland,88551.0,1741542.03,23.05831171929856,71.55829939975665,0.0,5.38338888094478
1900,Romania,10029.0,196320.71,3.9577179605758364,91.30006711976542,0.9570819094939093,3.785133010164847
1900,Scotland,1385.0,26908.23,2.0870194732243634,88.18952417160102,8.557567703264017,1.1658886519105864
1900,South America (ns),87.0,1708.65,58.774471073654645,9.193222719690983,0.0,32.032306206654376
1900,Spain,11965.0,234813.63999999998,3.4519800468149975,89.63431596222433,0.0,6.913703990960663
1900,Switzerland,3456.0,67952.84,26.553077104650814,46.36430206596222,0.0,27.082620829386972
1900,United Kingdom (ns),17475.0,341088.22,10.682875532904655,80.83815383597829,5.825783136104789,2.653187495012288
1900,West Indies (ns),311.0,6183.97,46.40530274241305,42.699107531246106,0.9582840796446297,9.937305646696219
1910,Albania,242.0,24068.0,2.916735914907761,77.48878178494266,8.338873192620907,11.255609107528668
1910,Austria,729.0,72810.0,23.689053701414643,68.8806482626013,0.0,7.430298035984068
1910,Austria-Hungary (ns),6116.0,612081.0,7.507339714841662,84.56250071477469,1.4922861516694685,6.437873418714189
1910,Bulgaria,2224.0,222504.0,3.245334915327365,90.53320389745802,2.9311832596267933,3.2902779275878187
1910,Canada,7286.0,728110.0,43.945145651069204,46.690747277197126,0.0,9.364107071733667
1910,Channel Islands,1529.0,152416.0,33.951159983203866,43.94551753096788,7.36864896073903,14.734673525089228
1910,China,52.0,5222.0,46.11260053619303,46.18919954040597,0.0,7.698199923400996
1910,Code 414,6782.0,679097.0,29.39138296885423,60.92089937078208,2.03770595364138,7.650011706722309
1910,Cuba,77.0,7717.0,28.56032136840741,62.32992095373851,2.5916807049371515,6.518076972916936
1910,Czechoslovakia,96.0,9617.0,13.548923780804826,70.79130706041386,6.259748362275137,9.400020796506187
1910,England,1172.0,117253.0,22.063401362864916,63.648691291480816,8.294883712996683,5.993023632657587
1910,Finland,92.0,9120.0,16.50219298245614,71.42543859649123,1.0964912280701753,10.975877192982455
1910,France,77.0,7532.0,20.007966011683482,61.33828996282528,0.0,18.653744025491235
1910,Germany,969.0,96055.0,25.577013169538287,55.52652126385925,1.8780906772161783,17.01837488938629
1910,Iceland,6401.0,641153.0,4.96043846008675,93.71039361899578,0.015596901207668061,1.313571019709804
1910,Ireland,5249.0,524916.0,42.28314625578188,41.76630165588399,0.0,15.950552088334133
1910,Isle of Man,509.0,51059.0,41.436377524040815,41.67335827180321,5.693413502027067,11.19685070212891
1910,Japan,345.0,34182.0,2.928441869990053,96.19097770756538,0.0,0.8805804224445615
1910,Mexico,911.0,91364.0,19.42559432599273,79.03988441837048,0.0,1.5345212556367935
1910,Middle East (ns),225.0,22551.0,3.995388231120571,88.89184515099109,0.0,7.112766617888341
1910,Netherlands,443.0,44135.0,12.495751671009403,84.32763113175484,0.0,3.1766171972357538
1910,Northern Ireland,2258.0,226188.0,21.020124851893115,67.93729110297629,8.02871947229738,3.0138645728332185
1910,Poland,16446.0,1646805.0,28.767765460998724,64.90416290939122,0.0,6.328071629610063
1910,Romania,467.0,46825.0,7.707421249332621,85.22370528563802,2.359850507207688,4.709022957821676
1910,Scotland,615.0,61668.0,4.722060063566193,89.09645196860609,5.693390413180255,0.4880975546474671
1910,Spain,8063.0,805290.0,3.674576860509878,90.77028151349204,0.0,5.555141625998088
1910,Switzerland,768.0,76936.0,31.410523032130598,44.59550795466362,0.0,23.99396901320578
1910,United Kingdom (ns),4039.0,404203.0,15.30592301393112,76.15925661115826,5.657305858689816,2.87751451622081
1910,West Indies (ns),135.0,13527.0,37.03703703703704,51.85185185185185,1.478524432616249,9.632586678494862
1920,Albania,644.0,64933.91,7.15890972836843,67.96621364707592,10.852434421398621,14.022442203157023
1920,Australia,57.0,5735.67,45.58700204160979,20.75991122222861,0.0,33.653086736161605
1920,Austria,882.0,89144.22,27.30826519094564,64.26669053809658,0.0,8.42504427095778
1920,Austria-Hungary (ns),3754.0,379057.53,11.184848379083776,70.70505102484047,5.658278309363752,12.451822286711993
1920,Born abroad (US parents),105.0,10650.34,78.94414638405911,5.857090008394097,0.0,15.1987636075468
1920,Bulgaria,2419.0,244862.35,5.932680136411334,84.1120327400272,5.997128590818474,3.9581585327429885
1920,Canada,6970.0,705415.73,50.34295166624651,42.117234896363875,0.0,7.539813437389609
1920,Channel Islands,1515.0,153225.75,38.134634681181204,41.920773760285066,6.336160860690843,13.608430697842888
1920,China,81.0,8253.35,41.922855567739155,54.27856567333264,0.0,3.7985787589281923
1920,Code 414,5173.0,526133.68,32.081225060520744,58.81398430908281,1.9231785351585924,7.181612095237848
1920,Cuba,66.0,7030.030000000001,33.99060885942165,49.7721915838197,1.9046860397466299,14.33251351701202
1920,Czechoslovakia,2637.0,265884.13,12.929617123067857,79.48499220318264,4.14618954504731,3.439201128702191
1920,England,1289.0,129680.39,28.485278306149443,55.70971833135295,7.4108814756032135,8.394121886894386
1920,Finland,520.0,52534.76,14.290728652800547,77.87415417906163,0.7951116555971703,7.04000551254065
1920,France,185.0,18776.340000000004,9.868323645609314,74.44113176476351,0.0,15.690544589627153
1920,Germany,1312.0,132344.73,30.75341949770119,46.514689326881395,2.730762305382315,20.0011288700351
1920,Iceland,10154.0,1031274.15,8.11411786090052,90.40509936179434,0.04050426358500308,1.4402785137201395
1920,Ireland,5005.0,506498.52,44.781943291759276,40.647542267250856,0.0,14.570514440989877
1920,Isle of Man,488.0,48807.490000000005,45.492198021246324,39.84347484371762,4.3077609604591425,10.356566174576892
1920,Italy,1196.0,120658.20000000001,4.015955815684304,87.20996998131913,0.16915551533173873,8.604918687664824
1920,Japan,878.0,88409.28000000001,2.3805985073060207,97.0643353276941,0.0,0.5550661649998733
1920,Lebanon,289.0,29323.609999999997,7.93671038456725,87.16900818146198,0.34835410783324433,4.54592732613754
1920,Mexico,2042.0,205129.95,11.990101884195843,86.95861330829557,0.0,1.051284807508606
1920,Middle East (ns),101.0,10284.579999999998,10.83807019829687,75.30166521141362,0.993234531696968,12.867030058592574
1920,Netherlands,723.0,73266.8,14.311488969082859,82.51682890476997,0.0,3.171682126147177
1920,Northern Ireland,2224.0,223559.62,28.30460169864308,60.79203391023835,8.393608827926977,2.5097555631915998
1920,Philippines,52.0,5215.290000000001,9.908749082026118,84.51418808925295,0.0,5.5770628287209325
1920,Poland,10538.0,1063296.23,36.789921657109616,52.67399471547078,0.0,10.536083627419615
1920,Romania,8563.0,864279.3600000001,8.226642135709454,84.2914309558428,1.7337021677805653,5.748224740667183
1920,Scotland,902.0,91298.07,6.005537685517338,86.86617362229015,5.66126972892198,1.467018963270527
1920,South America (ns),64.0,6464.91,42.08658743895893,15.031918464448848,0.0,42.881494096592206
1920,Spain,8823.0,892657.31,7.016212078070587,83.91116407258235,0.0,9.072623849347067
1920,Switzerland,710.0,71731.45999999999,37.59409051481735,37.75551201662423,0.0,24.65039746855843
1920,United Kingdom (ns),3956.0,398056.86000000004,21.542897162983195,69.16508360137293,6.406386263510192,2.885632972133679
1920,West Indies (ns),275.0,28139.379999999997,32.08613693691901,60.88399957639439,0.47584559432368456,6.554017892362944
1920,Yugoslavia,845.0,85021.66,3.907251399231679,87.81063554863549,5.773305296556195,2.5088077555766377
1930,Africa (ns),224.0,4518.76,47.32625764590285,8.087616956864272,0.0,44.58612539723288
1930,Albania,5182.0,104636.58000000002,11.522633862842227,62.88397422775095,12.074486761704174,13.518905147702649
1930,Atlantic Islands,100.0,2019.4600000000003,26.986422112842046,64.05474730868647,0.0,8.958830578471472
1930,Australia,470.0,9463.82,53.38615907741272,18.31078782140827,0.0,28.303053101179014
1930,Austria,4661.0,94068.20999999999,32.3457839795187,60.41777556945116,0.0,7.2364404510301625
1930,Austria-Hungary (ns),13746.0,277261.51,18.002877500017945,59.699407970475235,7.744645118610224,14.553069410896594
1930,Belgium,94.0,1911.1100000000008,11.670181203593717,68.0850395843253,0.0,20.24477921208093
1930,Born abroad (US parents),2044.0,41348.66,79.62115338199592,3.251810336779959,0.0,17.127036281224107
1930,Bulgaria,9865.0,199358.19,11.352169680111965,74.63803719325502,8.646181027225419,5.363612099407605
1930,Canada,36804.0,743736.8099999999,49.360285125594366,42.57333182150821,0.0,8.066383052897438
1930,Central America (ns),239.0,4841.630000000001,38.39347492476707,36.10602214543448,5.429782944999927,20.070719984798504
1930,Channel Islands,10161.0,205315.67,32.41787633647252,49.37477982075114,5.401867280758453,12.805476562017892
1930,China,493.0,9990.52,33.94978439560703,61.603199833442105,0.0,4.44701577095086
1930,Code 414,22892.0,462675.94,31.01554189310125,58.749382991473475,2.518322003084924,7.716753112340356
1930,Code 90,149.0,3050.59,3.9464497031721724,92.88694973759172,0.0,3.1666005592360817
1930,Cuba,417.0,8407.120000000003,39.746905004329655,43.15366023085194,1.4398509834521214,15.659583781366267
1930,Czechoslovakia,17652.0,356212.99,16.333550890437767,75.20976705537888,5.210410771375857,3.2462712828075135
1930,England,5912.0,119067.92000000001,34.39303382472792,52.39053474689068,7.280642846536667,5.935788581844714
1930,Europe (ns),116.0,2347.249999999999,30.03131323889659,55.24081371818087,0.0,14.727873042922573
1930,Finland,5007.0,101081.23000000001,18.04214293791241,73.96825305746675,0.7988822454970126,7.190721759123826
1930,France,1415.0,28582.050000000003,18.444653200172834,64.86483649703221,0.0,16.690510302794934
1930,Germany,6774.0,136815.19000000003,32.95948351933728,46.144291434306375,2.9005697393688514,17.995655306987473
1930,Hungary,204.0,4119.490000000001,32.83319051630178,42.148421285159074,14.726822980514576,10.29156521802456
1930,Iceland,65305.0,1320908.87,13.864018492055397,84.23250878768042,0.05502120672412472,1.8484515135400674
1930,India,125.0,2520.6200000000003,56.66463013068211,3.2111147257420787,0.0,40.12425514357577
1930,Ireland,25622.0,517840.46,44.185774900632524,39.84165702309163,0.0,15.97256807627585
1930,Isle of Man,1907.0,38410.02,47.38716616132978,36.18701578390222,3.6324375774862907,12.793380477281712
1930,Italy,7729.0,156090.03,8.912074653326673,79.03083880501529,0.7798063720021068,11.277280169655935
1930,Japan,4178.0,84167.59,5.916362818514824,93.72289262410864,0.0,0.3607445573765389
1930,Korea,93.0,1893.3100000000004,14.878176315553185,82.98060011302954,0.0,2.1412235714172527
1930,Lebanon,1797.0,36349.34,14.114176488486448,82.47368452907261,0.5079046827260139,2.9042342997149335
1930,Mexico,16250.0,327317.55,15.877886779978647,82.77480996665165,0.0,1.3473032533697018
1930,Middle East (ns),1539.0,31066.47,9.380853376646913,77.95974244901336,0.32539905563779853,12.334005118701933
1930,Netherlands,3760.0,75601.35,20.210154977391277,76.51466541272079,0.0,3.275179609887919
1930,North Macedonia,296.0,5955.76,15.927438311819142,73.61209988313834,6.3954894085725424,4.064972396469972
1930,Northern Ireland,10469.0,210657.84,32.246893825551425,55.8497704144313,9.078252202718875,2.8250835572984134
1930,Pakistan,135.0,2720.379999999999,12.605591865842275,76.99071453252859,0.0,10.403693601629188
1930,Philippines,690.0,13956.440000000002,22.900897363511035,73.61476135748082,0.0,3.484341279008113
1930,Poland,47755.0,964117.9500000001,37.1513112062689,53.444031407153034,0.0,9.404657386578064
1930,Puerto Rico,1127.0,22824.910000000003,11.243417827277309,80.06322916497811,0.17787583828369968,8.51547716946091
1930,Romania,46880.0,947951.65,11.128450485844928,80.37598542077542,2.231085309045034,6.2644787843346235
1930,Scotland,4760.0,96490.54000000001,13.566221103125756,78.28359132408214,5.9751764266217195,2.1750111461703914
1930,South America (ns),718.0,14526.77,35.58306492083236,20.60595713981842,0.0,43.810977939349215
1930,Spain,43769.0,883396.23,13.556830551563484,75.10140947737575,0.0,11.341759971060778
1930,Sweden,200.0,4050.42,11.512139481831515,77.9119202453079,4.973311409680972,5.60262886317962
1930,Switzerland,3379.0,68179.9,36.29600512761093,39.816602840426576,0.0,23.887392031962502
1930,Syria,141.0,2847.9300000000003,20.489267643516516,29.894695445463892,5.007145540796297,44.60889137022326
1930,US Virgin Islands,125.0,2530.67,26.400518439780768,57.598185460767304,1.6043182240276292,14.396977875424296
1930,United Kingdom (ns),18549.0,373753.55000000005,26.139644693675816,64.36704079466267,6.32258342429122,3.1707310873702736
1930,Wales,82.0,1646.07,27.3797590624943,55.579653356175626,6.080543354778351,10.960044226551727
1930,West Indies (ns),2312.0,46842.450000000004,25.13828802720609,68.7220245738641,0.819641158820685,5.320046240109132
1930,Yugoslavia,6851.0,138422.79,10.378710037559566,80.75853694323023,5.725892390985617,3.1368606282245857
1940,Africa (ns),77.0,7641.0,58.447847140426646,13.087292239235701,0.0,28.46486062033765
1940,Albania,830.0,82142.0,20.31360327238197,50.09860972462321,12.093691412432129,17.494095590562683
1940,Asia (ns),57.0,5687.0,19.342359767891683,63.30226833128187,0.0,17.355371900826448
1940,Australia,83.0,8207.0,74.41208724259778,7.310832216400634,0.0,18.277080541001585
1940,Austria,887.0,87416.0,44.55019676031848,48.512858058021415,0.0,6.936945181660108
1940,Austria-Hungary (ns),3484.0,341033.0,21.422267053335016,58.352124281227916,6.257752182340126,13.967856483096943
1940,Born abroad (US parents),229.0,22538.0,37.77176324429852,38.512734049161416,0.0,23.715502706540065
1940,Bulgaria,2208.0,216716.0,18.281991177393454,68.67051809741783,7.075158271655068,5.972332453533657
1940,Canada,6810.0,669938.0,60.17243386701456,32.606002346485795,0.0,7.2215637864996465
1940,Central America (ns),73.0,7300.0,53.42465753424658,30.136986301369863,1.36986301369863,15.068493150684931
1940,Channel Islands,1812.0,180080.0,40.48589515770769,44.248111950244336,4.345290981785873,10.920701910262105
1940,China,117.0,10782.0,35.0213318493786,58.48636616583194,0.0,6.4923019847894645
1940,Code 414,3923.0,385942.0,30.85100870078924,60.020935788279075,2.2718439558275594,6.856211555104134
1940,Cuba,100.0,9837.0,53.5224153705398,23.787740164684354,0.0,22.689844464775845
1940,Czechoslovakia,2392.0,233192.0,22.445452674191223,68.91574325019725,5.44143881436756,3.1973652612439536
1940,England,950.0,94337.0,41.32100872404253,46.03283971294402,6.709986537625746,5.936165025387706
1940,Europe (ns),58.0,5665.0,43.37157987643425,48.190644307149164,0.0,8.437775816416593
1940,Finland,994.0,96962.0,27.77892370206885,64.95121800292898,0.7219323033765805,6.5479259916255845
1940,France,333.0,32283.0,27.085462937149586,54.61078586252827,0.0,18.303751200322154
1940,Germany,1078.0,107038.0,40.18759692819373,40.99291840281022,2.778452512191932,16.041032156804125
1940,Hungary,53.0,5207.0,54.5803725753793,23.045899750336083,5.761474937584021,16.612252736700594
1940,Iceland,12821.0,1235768.0,20.57845809245748,77.13276278395298,0.06376601433278739,2.2250131092567536
1940,Ireland,4290.0,426425.0,49.92788884329015,35.034531277481385,0.0,15.037579879228469
1940,Isle of Man,224.0,22218.0,57.63345035556756,28.472409757853995,2.2504275812404355,11.643712305338013
1940,Italy,1237.0,122372.0,13.942731997515773,71.89553165756872,0.8171804007452685,13.344555944170237
1940,Japan,337.0,32166.0,12.696636199713984,85.74892743891066,0.0,1.5544363613753653
1940,Lebanon,347.0,32613.0,23.030693281820135,73.1610094134241,1.8397571520559284,1.9685401526998436
1940,Mexico,2505.0,227029.0,29.472886723722517,68.71456950433645,0.0,1.8125437719410296
1940,Middle East (ns),566.0,56211.0,12.965433811887353,75.19880450445642,1.0674067353365,10.768354948319724
1940,Netherlands,664.0,64283.0,24.385918516559588,71.1883390632049,0.0,4.425742420235522
1940,Northern Ireland,1713.0,169608.0,39.97099193434272,49.76180368850526,7.296236026602519,2.9709683505495024
1940,Philippines,96.0,9420.0,68.42887473460722,23.07855626326964,0.0,8.492569002123142
1940,Poland,8199.0,813943.0,38.33806544192898,52.98454560085902,0.0,8.677388957211992
1940,Puerto Rico,291.0,28396.0,15.41062121425553,72.02422876461473,0.35216227637695446,12.212987744752782
1940,Romania,7392.0,721796.0,17.061468891487344,72.62966267477238,3.137451579116537,7.171416854623744
1940,Scotland,718.0,70720.0,22.416572398190045,68.05995475113123,6.978223981900452,2.5452488687782804
1940,South America (ns),208.0,20332.0,40.86661420421011,16.05351170568562,0.0,43.07987409010427
1940,Spain,8066.0,797622.0,19.671974945525577,67.53324256352006,0.0,12.794782490954363
1940,Switzerland,564.0,55593.0,39.326893673663946,38.0551508283417,0.0,22.617955497994352
1940,Syria,52.0,5139.0,19.011480832846857,34.52033469546604,1.945903872348706,44.522280599338394
1940,United Kingdom (ns),2694.0,268425.0,34.040048430660335,56.28462326534414,5.479742944956692,4.195585359038838
1940,West Indies (ns),357.0,34723.0,28.151369409325234,65.80076606284018,0.28799354894450363,5.759870978890072
1940,Yugoslavia,1073.0,103922.0,18.180943399857586,72.00207848193838,6.003541117376494,3.8134370008275438
1970,Africa (ns),386.0,38600.0,40.15544041450777,41.45077720207254,0.0,18.393782383419687
1970,Albania,487.0,48700.0,32.238193018480494,34.496919917864474,14.579055441478438,18.68583162217659
1970,Asia (ns),324.0,32400.0,27.469135802469136,43.82716049382716,0.0,28.703703703703702
1970,Atlantic Islands,124.0,12400.0,54.03225806451613,32.25806451612903,0.0,13.709677419354838
1970,Australia,214.0,21400.0,73.36448598130842,13.084112149532709,0.0,13.551401869158877
1970,Austria,749.0,74900.0,43.39118825100133,42.456608811749,0.0,14.152202937249667
1970,Austria-Hungary (ns),1333.0,133300.0,43.285821455363845,31.057764441110276,8.102025506376593,17.554388597149288
1970,Bahrain,109.0,10900.0,28.440366972477065,51.37614678899083,5.5045871559633035,14.678899082568808
1970,Born abroad (US parents),2167.0,216700.0,50.62298107983387,13.84402399630826,0.0,35.53299492385787
1970,Bulgaria,1130.0,113000.0,30.17699115044248,49.02654867256637,9.91150442477876,10.88495575221239
1970,Canada,6143.0,614300.0,64.54501058114927,27.77144717564708,0.0,7.683542243203647
1970,Central America (ns),665.0,66500.0,35.338345864661655,47.21804511278195,3.1578947368421053,14.285714285714285
1970,Channel Islands,1147.0,114700.0,53.26939843068875,31.734960767218833,2.877070619006103,12.118570183086312
1970,China,1233.0,123300.0,18.896999188969993,70.72181670721817,0.0,10.381184103811842
1970,Code 414,1723.0,172300.0,41.09112013929193,49.68078932095183,1.7411491584445733,7.486941381311666
1970,Cuba,2413.0,241300.0,9.946125155408206,81.22668876916701,0.9946125155408205,7.832573559883962
1970,Czechoslovakia,1032.0,103200.0,43.31395348837209,36.82170542635659,9.30232558139535,10.562015503875969
1970,England,440.0,44000.0,58.409090909090914,28.18181818181818,4.090909090909091,9.318181818181818
1970,Europe (ns),124.0,12400.0,50.0,35.483870967741936,0.0,14.516129032258066
1970,Finland,1106.0,110600.0,29.56600361663653,61.30198915009042,0.9945750452079566,8.1374321880651
1970,France,362.0,36200.0,31.491712707182316,38.67403314917127,0.0,29.83425414364641
1970,Germany,1010.0,101000.0,57.52475247524752,22.574257425742577,0.7920792079207921,19.10891089108911
1970,Guam,75.0,7500.0,16.0,2.666666666666667,76.0,5.333333333333334
1970,Hawaii (territory),62.0,6200.0,54.83870967741935,41.935483870967744,1.6129032258064515,1.6129032258064515
1970,Hungary,56.0,5600.0,51.78571428571429,14.285714285714285,14.285714285714285,19.642857142857142
1970,Iceland,6688.0,668800.0,39.040071770334926,55.26315789473685,0.04485645933014354,5.651913875598086
1970,India,347.0,34700.0,24.207492795389047,62.824207492795395,0.0,12.968299711815561
1970,Iran,109.0,10900.0,55.04587155963303,25.688073394495415,10.091743119266056,9.174311926605505
1970,Ireland,3061.0,306100.0,59.55570075138844,24.828487422410976,0.0,15.615811826200588
1970,Isle of Man,129.0,12900.0,67.44186046511628,15.503875968992247,3.10077519379845,13.953488372093023
1970,Italy,795.0,79500.0,30.18867924528302,46.28930817610063,2.2641509433962264,21.257861635220127
1970,Japan,819.0,81900.0,60.07326007326007,34.676434676434674,0.0,5.25030525030525
1970,Korea,237.0,23700.0,45.9915611814346,47.257383966244724,0.0,6.751054852320674
1970,Lebanon,97.0,9700.0,41.23711340206185,35.051546391752574,13.402061855670103,10.309278350515463
1970,Mexico,4645.0,464500.0,41.033369214208825,55.2421959095802,0.0,3.7244348762109794
1970,Middle East (ns),297.0,29700.0,26.599326599326602,50.505050505050505,3.7037037037037033,19.19191919191919
1970,Netherlands,718.0,71800.0,28.27298050139276,66.01671309192201,0.0,5.710306406685237
1970,New Zealand,60.0,6000.0,38.333333333333336,53.333333333333336,0.0,8.333333333333332
1970,Northern Ireland,594.0,59400.0,53.198653198653204,37.03703703703704,3.535353535353535,6.228956228956229
1970,Pakistan,120.0,12000.0,35.833333333333336,36.666666666666664,0.0,27.500000000000004
1970,Philippines,1037.0,103700.0,31.53326904532305,61.90935390549662,0.0,6.557377049180328
1970,Poland,5643.0,564300.0,48.768385610490874,37.56866914761652,0.0,13.66294524189261
1970,Puerto Rico,4136.0,413600.0,13.588007736943908,80.02901353965184,1.4264990328820115,4.956479690522244
1970,Romania,3493.0,349300.0,32.150014314342975,49.35585456627541,2.86286859433152,15.631262525050099
1970,Scotland,243.0,24300.0,46.09053497942387,39.50617283950617,3.292181069958848,11.11111111111111
1970,South America (ns),1360.0,136000.0,25.808823529411768,56.1764705882353,0.0,18.014705882352942
1970,Spain,2861.0,286100.0,34.009087731562396,46.13771408598392,0.0,19.85319818245369
1970,Sweden,71.0,7100.0,32.3943661971831,36.61971830985916,14.084507042253522,16.901408450704224
1970,Switzerland,291.0,29100.0,45.017182130584196,29.553264604810998,0.0,25.42955326460481
1970,Syria,189.0,18900.0,44.44444444444444,26.455026455026452,4.761904761904762,24.33862433862434
1970,Turkey,50.0,5000.0,46.0,40.0,8.0,6.0
1970,US Virgin Islands,179.0,17900.0,65.92178770949721,20.11173184357542,3.35195530726257,10.614525139664805
1970,United Kingdom (ns),686.0,68600.0,60.932944606414,28.86297376093295,4.081632653061225,6.122448979591836
1970,West Indies (ns),1104.0,110400.0,24.094202898550723,65.57971014492753,2.2644927536231885,8.06159420289855
1970,Yugoslavia,1087.0,108700.0,27.69089236430543,56.117755289788406,6.7157313707451705,9.475620975160993
1980,Africa (ns),5086.0,101720.0,35.56822650412898,46.834447502949274,0.0,17.597325992921746
1980,Alaska (territory),198.0,3960.0,26.767676767676768,59.59595959595959,0.0,13.636363636363635
1980,Albania,2087.0,41740.0,28.222328701485385,41.39913751796838,14.326784858648779,16.05174892189746
1980,Atlantic Islands,576.0,11520.0,58.50694444444444,30.208333333333332,0.0,11.284722222222223
1980,Australia,1471.0,29420.0,68.25288919102651,16.859279401767505,0.13596193065941536,14.751869476546567
1980,Austria,3450.0,69000.0,49.36231884057971,37.913043478260875,0.0,12.72463768115942
1980,Austria-Hungary (ns),3761.0,75220.0,51.36931667109811,21.59000265886732,8.721084817867588,18.319595852166977
1980,Belgium,384.0,7680.0,40.88541666666667,46.35416666666667,0.0,12.760416666666666
1980,Born abroad (US parents),17930.0,358600.0,47.98103736754044,24.997211377579475,0.0,27.021751254880087
1980,Bulgaria,4367.0,87340.0,35.012594458438286,45.29425234714907,8.449736661323563,11.243416533089077
1980,Cambodia,204.0,4080.0,27.450980392156865,37.254901960784316,6.372549019607843,28.921568627450984
1980,Canada,27270.0,545400.0,67.85845251191786,25.13384671800513,0.0,7.007700770077008
1980,Central America (ns),8325.0,166500.0,30.67867867867868,50.28228228228229,3.423423423423423,15.615615615615615
1980,Channel Islands,4397.0,87940.0,59.42688196497612,25.289970434387083,2.7746190584489425,12.508528542187856
1980,China,13438.0,268760.0,13.774371186188421,79.62494418812324,0.2083643399315374,6.392320285756808
1980,Code 414,6125.0,122500.0,45.6,44.604081632653056,2.0244897959183676,7.7714285714285705
1980,Cuba,18086.0,361720.0,9.9192745770209,79.73017803826164,1.6697998451841203,8.68074753953334
1980,Czechoslovakia,3396.0,67920.0,43.05064782096584,35.39458186101296,9.74676089517079,11.808009422850413
1980,Denmark,56.0,1120.0,44.642857142857146,25.0,8.928571428571429,21.428571428571427
1980,Egypt,53.0,1060.0,5.660377358490567,79.24528301886792,7.547169811320755,7.547169811320755
1980,England,1279.0,25580.0,57.38858483189993,28.459734167318217,4.065676309616888,10.086004691164971
1980,Europe (ns),133.0,2660.0,47.368421052631575,34.58646616541353,0.0,18.045112781954884
1980,Finland,6811.0,136220.0,26.04610189399501,66.80369989722507,0.6606959330494788,6.489502275730436
1980,France,2131.0,42620.0,36.27404974190521,33.2238385734397,0.0,30.50211168465509
1980,Germany,5141.0,102820.0,61.40828632561759,19.101342151332425,1.1281851779809375,18.362186345069055
1980,Guam,111.0,2220.0,47.74774774774775,14.414414414414415,23.423423423423422,14.414414414414415
1980,Hawaii (territory),600.0,12000.0,51.33333333333333,35.0,0.8333333333333334,12.833333333333332
1980,Hong Kong,355.0,7100.0,6.478873239436619,81.12676056338029,1.4084507042253522,10.985915492957748
1980,Hungary,261.0,5220.0,28.735632183908045,31.417624521072796,16.091954022988507,23.754789272030653
1980,Iceland,26809.0,536180.0,40.67663844231415,53.579021970233875,0.1380133537244955,5.606326233727479
1980,India,8404.0,168080.0,10.292717753450738,82.31794383626846,0.0,7.389338410280819
1980,Indonesia,130.0,2600.0,26.153846153846157,24.615384615384617,10.76923076923077,38.46153846153847
1980,Iran,1227.0,24540.0,30.317848410757946,47.59576202118989,12.469437652811736,9.616951915240424
1980,Iraq,296.0,5920.0,24.324324324324326,56.08108108108109,2.364864864864865,17.22972972972973
1980,Ireland,13727.0,274540.0,65.30924455452757,21.490493188606397,0.0,13.20026225686603
1980,Isle of Man,402.0,8040.0,65.4228855721393,9.950248756218906,5.721393034825871,18.90547263681592
1980,Israel,741.0,14820.0,16.869095816464238,68.55600539811067,5.398110661268556,9.176788124156547
1980,Italy,2749.0,54980.0,29.719898144779922,48.52673699527101,1.9643506729719897,19.789014186977084
1980,Japan,7096.0,141920.0,62.4859075535513,31.482525366403607,0.0,6.031567080045096
1980,Jordan,327.0,6540.0,10.703363914373089,78.89908256880734,3.9755351681957185,6.422018348623854
1980,Korea,7354.0,147080.0,26.461789502311667,68.83328800652706,0.0,4.704922491161273
1980,Lebanon,619.0,12380.0,25.68659127625202,41.68012924071082,19.87075928917609,12.762520193861066
1980,Macau,978.0,19560.0,26.482617586912067,49.897750511247445,2.3517382413087935,21.267893660531698
1980,Malaysia,88.0,1760.0,26.136363636363637,56.81818181818182,0.0,17.045454545454543
1980,Mexico,56441.0,1128820.0,27.956627274499034,67.79114473521022,0.0,4.252227990290746
1980,Middle East (ns),1418.0,28360.0,28.561354019746123,50.49365303244006,5.148095909732017,15.796897038081806
1980,Myanmar/Burma,932.0,18640.0,1.1802575107296138,94.20600858369099,1.502145922746781,3.111587982832618
1980,Netherlands,6639.0,132780.0,16.990510619069138,77.8430486519054,0.0,5.166440729025456
1980,New Zealand,970.0,19400.0,30.309278350515463,60.41237113402062,0.2061855670103093,9.072164948453608
1980,Northern Ireland,1821.0,36420.0,57.55079626578803,31.74080175727622,4.008786381109281,6.699615595826469
1980,Pakistan,2501.0,50020.0,26.029588164734108,64.37425029988005,0.03998400639744103,9.556177528988405
1980,Philippines,14636.0,292720.0,22.7862804044821,72.35583492757584,0.0,4.85788466794206
1980,Poland,27975.0,559500.0,60.1751563896336,27.874888293118854,0.0,11.949955317247543
1980,Puerto Rico,22798.0,455960.0,19.92280024563558,69.75173260812352,0.1622949381524695,10.16317220808843
1980,Romania,12390.0,247800.0,31.2590799031477,51.170298627925746,3.1638418079096042,14.40677966101695
1980,Scotland,805.0,16100.0,48.94409937888199,36.024844720496894,3.7267080745341614,11.304347826086957
1980,South America (ns),14666.0,293320.0,22.528296740760943,59.15723441974635,0.0,18.314468839492704
1980,Spain,10448.0,208960.0,29.402756508422666,52.986217457886674,0.0,17.611026033690656
1980,Sweden,223.0,4460.0,26.905829596412556,37.66816143497758,12.10762331838565,23.318385650224215
1980,Switzerland,1271.0,25420.0,47.128245476003144,28.481510621557828,0.0,24.390243902439025
1980,Syria,1935.0,38700.0,35.24547803617571,41.24031007751938,4.8062015503875966,18.708010335917315
1980,Thailand,3827.0,76540.0,14.7896524692971,78.75620590540893,0.39195192056441075,6.062189704729553
1980,Turkey,497.0,9940.0,17.50503018108652,60.7645875251509,12.877263581488934,8.853118712273641
1980,US Virgin Islands,429.0,8580.0,53.84615384615385,29.836829836829835,2.331002331002331,13.986013986013987
1980,United Kingdom (ns),3664.0,73280.0,57.12336244541485,29.967248908296945,3.411572052401747,9.497816593886462
1980,Vietnam,1371.0,27420.0,52.95404814004377,38.51203501094092,0.0,8.533916849015318
1980,Wales,136.0,2720.0,60.29411764705882,30.88235294117647,1.4705882352941175,7.352941176470589
1980,West Indies (ns),13427.0,268540.0,17.323303790869144,72.07864750130334,2.450286735681835,8.147761972145677
1980,Yugoslavia,5058.0,101160.0,22.597864768683273,62.11941478845393,4.784499802293396,10.498220640569395
1990,Africa (ns),8423.0,189960.0,32.95483259633607,52.03305959149295,0.0,15.012107812170983
1990,Alaska (territory),329.0,6704.0,34.85978520286396,47.13603818615752,0.0,18.00417661097852
1990,Albania,2591.0,56056.0,18.576066790352506,60.37355501641216,8.550378193235336,12.5
1990,Asia (ns),53.0,1302.0,11.213517665130567,54.99231950844854,0.0,33.794162826420894
1990,Atlantic Islands,645.0,13366.0,51.62352237019303,40.63294927427802,0.0,7.743528355528954
1990,Australia,1784.0,35144.0,70.37332119280674,15.00682904620988,0.39551559298884587,14.224334167994538
1990,Austria,3248.0,64191.0,54.445327226558234,30.85946628031967,0.0,14.69520649312209
1990,Austria-Hungary (ns),2484.0,49706.0,59.27051060234177,14.6843439423812,8.602583189152215,17.442562266124813
1990,Belgium,335.0,7314.0,38.66557287394039,51.763740771123864,0.0,9.57068635493574
1990,Born abroad (US parents),13859.0,295260.0,27.80295332926912,39.042538779380884,0.0,33.15450789135
1990,Bulgaria,3230.0,66300.0,33.1447963800905,47.23529411764706,8.013574660633484,11.606334841628959
1990,Cambodia,546.0,11909.0,27.021580317407,39.39877403644302,4.114535225459736,29.465110420690234
1990,Canada,24722.0,486323.0,69.83959220518051,22.981228525074897,0.0,7.179179269744594
1990,Central America (ns),21060.0,460126.0,18.493630005694094,64.65185623068463,2.7403363426539684,14.1141774209673
1990,Channel Islands,3370.0,67471.0,62.76474337122616,23.027671147604156,1.8822901691096916,12.325295312059996
1990,China,26314.0,557753.0,9.785872958101525,83.85916346483121,0.36324322773700907,5.991720349330259
1990,Code 414,5115.0,104460.0,45.94103005935286,44.95883591805476,1.796860042121386,7.303273980470994
1990,Cuba,21330.0,436044.0,14.244892717248717,74.67136344038676,2.6396418710038434,8.44410197136069
1990,Czechoslovakia,2533.0,50580.0,38.8928430209569,38.355081059707395,9.875444839857652,12.876631079478054
1990,Egypt,102.0,2284.0,9.238178633975481,78.28371278458845,3.1523642732049035,9.325744308231174
1990,England,1140.0,22946.0,57.23001830384381,28.56707051337924,2.2008193149132746,12.00209186786368
1990,Europe (ns),70.0,1435.0,56.86411149825784,27.526132404181187,0.0,15.609756097560975
1990,Finland,5762.0,122262.0,29.655984688619526,62.487935744548594,0.6387921022067364,7.21728746462515
1990,France,2263.0,47210.0,44.090235119678034,27.962296123702608,0.0,27.947468756619358
1990,Germany,5483.0,111492.0,66.32045348545186,16.887310300290604,0.49510278764395654,16.29713342661357
1990,Guam,906.0,21559.0,28.642330349274086,26.88900227283269,28.656245651468065,15.812421726425157
1990,Hawaii (territory),951.0,20014.0,59.683221744778656,29.004696712301385,0.5795942840011992,10.732487258918757
1990,Hong Kong,2341.0,51092.0,1.9376810459563143,90.94378767713145,1.4327096218586082,5.685821655053629
1990,Hungary,230.0,4590.0,24.313725490196077,43.028322440087145,8.32244008714597,24.335511982570807
1990,Iceland,19265.0,395308.0,43.58829064931648,50.09258603418094,0.13786718204539244,6.181256134457183
1990,India,17015.0,371502.0,8.022298668647814,85.15674209021755,0.0,6.820959241134637
1990,Indonesia,291.0,6096.0,33.3989501312336,30.708661417322837,5.331364829396326,30.561023622047244
1990,Iran,2264.0,50100.0,25.117764471057885,54.21756487025948,10.207584830339322,10.457085828343313
1990,Iraq,333.0,7033.0,31.195791269728424,44.64666571875444,3.6257642542300585,20.531778757287075
1990,Ireland,13652.0,271880.0,67.96160070619392,19.272840959246725,0.0,12.765558334559366
1990,Isle of Man,326.0,6421.0,73.64896433577324,6.665628406790219,2.2270674349789754,17.45833982245756
1990,Israel,1144.0,25924.0,15.186699583397623,71.08470914982256,5.878722419379725,7.849868847400092
1990,Italy,1870.0,37559.0,31.54503581032509,47.85537421124098,2.106019862083655,18.493570116350273
1990,Japan,10224.0,213344.0,57.43728438578071,36.4955189740513,0.0,6.0671966401679915
1990,Jordan,276.0,6239.0,23.72175028049367,57.15659560827056,6.395255649943901,12.726398461291874
1990,Korea,15464.0,334372.0,19.604213271446174,76.70050123814195,0.0,3.6952854904118766
1990,Lebanon,1101.0,23540.0,23.887000849617674,48.67884451996601,17.19626168224299,10.237892948173322
1990,Macau,1279.0,26809.0,28.482972136222912,49.774329516207246,4.856578014845761,16.886120332724087
1990,Malaysia,575.0,12486.0,7.192055101713919,86.08041005926637,0.0,6.727534839019703
1990,Mexico,102110.0,2081946.0,20.669123983042788,74.9703402489786,0.0,4.360535767978612
1990,Middle East (ns),1543.0,32557.0,34.1124796510735,49.57459225358602,4.9267438646066894,11.38618423073379
1990,Myanmar/Burma,3736.0,82607.0,1.902986429721452,94.00414008498069,1.3340273826673286,2.7588461026305278
1990,Netherlands,7476.0,149616.0,17.38784621965565,77.63407656935087,0.0,4.978077210993477
1990,New Zealand,1345.0,27973.0,27.20122975726593,60.34032817359597,0.4861831051370965,11.972258964001
1990,Northern Ireland,1217.0,24227.0,65.70355388616007,23.11883435836051,3.3103562141412475,7.867255541338176
1990,Pakistan,5383.0,113978.0,21.31376230500623,70.0205302777729,0.0,8.665707417220867
1990,Philippines,26009.0,537879.0,23.578909011134474,72.05189271192964,0.0,4.369198276935891
1990,Poland,28646.0,572989.0,70.57971444477992,19.08675384693249,0.0,10.333531708287595
1990,Puerto Rico,21215.0,480043.0,25.376060061286175,62.26421383084432,1.2705111833731562,11.089214924496348
1990,Romania,10528.0,222783.0,25.602940978440902,60.944955405035394,2.422087861282055,11.030015755241648
1990,Saudi Arabia,96.0,2249.0,49.22187638950645,11.249444197421075,24.544241885282347,14.984437527790128
1990,Scotland,632.0,12291.0,55.78065250996664,31.624766089008215,2.4570824180294526,10.137498982995687
1990,South America (ns),23705.0,525614.0,22.515952771425418,60.88327175455752,0.0,16.600775474017055
1990,Spain,7767.0,168715.0,16.006875500103725,70.76015766232997,0.0,13.232966837566309
1990,Sweden,154.0,3174.0,22.841839949590423,37.01953371140517,15.059861373660995,25.078764965343414
1990,Switzerland,1219.0,23532.0,53.95206527281999,24.92350841407445,0.0,21.124426313105555
1990,Syria,2984.0,65488.0,32.494502809675055,43.80344490593696,5.5842291717566575,18.11782311263132
1990,Thailand,10659.0,226860.0,8.078991448470422,85.05510006171207,0.5408622057656705,6.325046284051838
1990,Turkey,852.0,18460.0,22.713976164680393,57.15059588299025,13.64572047670639,6.489707475622969
1990,US Virgin Islands,403.0,9413.0,53.383618400084984,19.292467863592904,5.768617868904706,21.5552958674174
1990,United Kingdom (ns),4584.0,90426.0,59.234069847167845,27.4191051246323,2.1774710813261673,11.169353946873686
1990,Vietnam,2083.0,44375.0,43.68676056338028,44.83154929577465,0.0,11.481690140845071
1990,Wales,162.0,3240.0,66.45061728395062,24.135802469135804,1.8518518518518516,7.561728395061729
1990,West Indies (ns),18798.0,461581.0,17.453708016577803,72.64077160888338,2.0288963367209654,7.876624037817848
1990,Yugoslavia,4369.0,93065.0,22.789448235104498,62.65943158007844,4.207811744479665,10.343308440337399
2000,Africa (ns),17514.0,410799.0,22.15146580201023,66.99310368330984,0.0,10.855430514679929
2000,Alaska (territory),472.0,10091.0,42.027549301357645,41.789713606183724,0.6044990585670399,15.578238033891587
2000,Albania,3506.0,77063.0,14.49463426028055,71.47917937272102,4.883017790638828,9.143168576359601
2000,Americas (ns),187.0,3842.0,32.144716293597085,31.10359187922957,0.0,36.751691827173346
2000,Atlantic Islands,924.0,19364.0,42.40859326585416,50.428630448254495,0.0,7.162776285891345
2000,Australia,2459.0,50624.0,64.91980088495575,21.248814791403287,0.39506953223767377,13.436314791403287
2000,Austria,3140.0,64033.0,55.55729077194571,29.49572876485562,0.0,14.946980463198663
2000,Austria-Hungary (ns),1883.0,38289.0,60.456005641306895,16.393742328083786,6.231554754629267,16.918697275980048
2000,Bulgaria,2647.0,54764.0,33.23351106566357,46.977941713534435,7.554232707618143,12.234314513183843
2000,Cambodia,1100.0,24878.0,24.499557842270278,41.00811962376397,5.430500844119302,29.06182168984645
2000,Canada,25288.0,512425.0,62.54690930380056,30.065863297067864,0.0,7.3872273991315796
2000,Central America (ns),41552.0,904425.0,15.033750725599138,68.45432180667275,2.2396550294385937,14.272272438289521
2000,Channel Islands,2814.0,57466.0,61.78783976612257,21.79897678627362,3.203633452824279,13.20954999477952
2000,China,42147.0,920398.0,8.489588199887441,85.98302038900563,0.3413740577445844,5.18601735336235
2000,Code 414,4563.0,95139.0,48.64987018993263,40.72567506490503,1.4757355027906536,9.148719242371687
2000,Cuba,22730.0,479910.0,14.75735033652143,74.39311537579964,3.0101477360338396,7.8393865516451005
2000,Czechoslovakia,2127.0,45137.0,38.63349358619315,41.57121651859893,8.139663690542127,11.655626204665795
2000,Egypt,388.0,8761.0,14.82707453487045,72.30909713503024,3.036183084122817,9.827645245976486
2000,England,932.0,18788.0,60.07558015754737,25.154353842878436,1.9054715776027253,12.86459442197147
2000,Europe (ns),1085.0,22975.0,43.947769314472254,35.78237214363438,0.0,20.269858541893363
2000,Finland,6088.0,132417.0,27.694329277962797,65.07095010459382,0.5407160711993173,6.694004546244062
2000,France,2757.0,59779.0,48.52038341223507,25.840177988925877,0.0,25.63943859883906
2000,Germany,5906.0,123702.0,62.344990380107035,20.410340980744046,0.4866534089990461,16.758015230149876
2000,Hawaii (territory),1296.0,27350.0,61.24314442413162,24.705667276051187,0.680073126142596,13.371115173674589
2000,Hong Kong,3454.0,74687.0,4.508147334877555,85.78199686692464,1.89323443169494,7.816621366502872
2000,Hungary,729.0,16610.0,16.50812763395545,71.13786875376279,1.9566526189042743,10.397350993377485
2000,Iceland,15941.0,338781.0,41.87542984996207,51.31722263054894,0.13666646004350894,6.670681059445482
2000,India,39655.0,898943.0,5.219240819495786,90.38893455981079,0.0,4.391824620693415
2000,Indonesia,471.0,10447.0,32.39207427969752,31.951756485115347,5.475256054369675,30.18091318081746
2000,Iran,3064.0,68469.0,20.736391651696387,59.178606376608386,9.61457009741635,10.470431874278871
2000,Iraq,340.0,7296.0,35.62225877192983,40.85800438596491,3.8103070175438596,19.709429824561404
2000,Ireland,14022.0,288984.0,64.57450931539462,21.976303186335574,0.0,13.449187498269803
2000,Isle of Man,330.0,6803.0,57.886226664706754,13.273555784212848,8.760840805526973,20.079376745553432
2000,Israel,2172.0,51792.0,10.771933889403769,78.47737102255175,4.193697868396663,6.556997219647823
2000,Italy,1368.0,29446.0,28.85621136996536,47.765401073150855,0.3939414521496977,22.98444610473409
2000,Japan,11716.0,249193.0,56.664513048119325,36.23175610871894,0.0,7.103730843161726
2000,Jordan,337.0,7903.0,24.15538403138049,54.3717575604201,9.338225990130331,12.134632418069087
2000,Korea,22299.0,490111.0,18.044891871433204,78.87764200354613,0.0,3.0774661250206585
2000,Laos,1817.0,40963.0,15.357761882674609,51.827258745697335,0.8568708346556649,31.95810853697239
2000,Lebanon,1607.0,35235.0,14.99929047821768,61.91854689938982,12.777068255995458,10.305094366397048
2000,Macau,1748.0,37924.0,28.000738318742748,53.261786731357454,4.759519038076152,13.977955911823647
2000,Malaysia,1083.0,23629.0,5.912226501333108,86.94824156756528,0.07617757839942443,7.063354352702188
2000,Mexico,216886.0,4523418.0,14.833362735878048,82.008118639489,0.0,3.1585186246329657
2000,Middle East (ns),2257.0,49578.0,29.89229093549558,56.63600790673282,2.9145992173948123,10.55710194037678
2000,Myanmar/Burma,5270.0,122193.0,5.113222525021892,88.35694352376977,1.6195690424165048,4.91026490879183
2000,Netherlands,7299.0,143797.0,20.69445120551889,73.10653212514865,0.0,6.199016669332462
2000,New Zealand,2263.0,48668.0,23.041834470288485,67.33993589216733,0.4068381688172927,9.211391468726884
2000,Northern Ireland,980.0,20038.0,60.22058089629704,27.1983231859467,2.0710649765445655,10.510030941211697
2000,Pakistan,8062.0,174176.0,16.79106191438545,75.05683905934227,0.0,8.152099026272277
2000,Philippines,38280.0,807498.0,22.610458477915735,73.24352506136238,0.0,4.146016460721884
2000,Poland,29122.0,594073.0,72.80519397447789,17.65052443049928,0.0,9.544281595022834
2000,Puerto Rico,26448.0,582450.0,28.017855609923597,58.43317022920422,0.12670615503476693,13.422268005837413
2000,Romania,11966.0,264859.0,17.086827330768447,74.35767710366648,1.3863980457526457,7.1690975198124285
2000,Saudi Arabia,427.0,10418.0,25.311960069111155,26.86696102898829,22.345939719715876,25.47513918218468
2000,Scotland,629.0,13135.0,50.59002664636467,38.39360487247811,1.5683288922725542,9.448039588884658
2000,South America (ns),42376.0,941072.0,20.215881462842376,66.12958413383886,0.0,13.654534403318769
2000,Spain,18961.0,422669.0,7.592702563944837,85.79337495770922,0.0,6.613922478345939
2000,Sri Lanka,215.0,5021.0,14.4991037641904,71.89802828121888,0.0,13.60286795459072
2000,Sweden,904.0,20939.0,8.711017718133625,84.45962080328574,2.0679115526051866,4.761449925975453
2000,Switzerland,1358.0,27530.0,48.75771885216128,29.782055938975667,0.0,21.460225208863058
2000,Syria,3212.0,70752.0,34.7071460877431,43.41078697421981,4.505879692446857,17.37618724559023
2000,Thailand,23827.0,519448.0,6.6520614190448315,87.99417843557006,0.5141996889005251,4.839560456484576
2000,Turkey,1364.0,31450.0,19.83783783783784,53.98092209856916,13.271860095389506,12.909379968203497
2000,US Virgin Islands,650.0,14751.0,51.820215578604845,23.48993288590604,3.7014439699003456,20.988407565588773
2000,United Kingdom (ns),5674.0,119770.0,55.781915337730645,28.460382399599233,1.8368539701093762,13.920848292560741
2000,Vietnam,3025.0,65667.0,42.01653798711681,42.962218465896115,0.0,15.02124354698707
2000,West Indies (ns),36105.0,821971.0,15.392878824192094,76.61839651277235,1.6320527123219675,6.35667195071359
2000,Yugoslavia,6346.0,146843.0,13.750059587450542,77.83891639369939,2.060023290180669,6.351000728669395
2010,Africa (ns),28591.0,660080.0,21.323627439098292,69.03602593625016,0.0,9.640346624651558
2010,Alaska (territory),977.0,24072.0,35.14456630109671,56.24792289797275,0.3904951811232968,8.217015619807245
2010,Albania,4716.0,94236.0,18.902542552739927,69.10734751050553,3.162273441147757,8.827836495606775
2010,Americas (ns),352.0,8368.0,20.80544933078394,47.72944550669216,0.0,31.465105162523898
2010,Asia (ns),2130.0,47557.0,20.19261097209664,49.03168828984166,0.0,30.775700738061694
2010,At sea,626.0,14228.0,34.00337362946303,42.47961765532752,0.0,23.517008715209446
2010,Atlantic Islands,913.0,19378.0,43.25007740736918,45.505212096191556,0.0,11.24471049643926
2010,Australia,3432.0,61740.0,65.52640103660512,18.30579850988014,0.3417557499190152,15.826044703595723
2010,Austria,3569.0,61453.0,59.27294029583584,24.156672579044148,0.0,16.57038712512001
2010,Austria-Hungary (ns),1868.0,32505.0,63.49792339640056,10.38917089678511,5.7683433317951085,20.34456237501923
2010,Bulgaria,2606.0,46155.0,37.18773697324234,42.36594085147871,7.30798396706749,13.138338208211461
2010,Cambodia,1718.0,35309.0,26.94780367611657,37.256790053527425,3.959330482313291,31.836075788042713
2010,Canada,29919.0,526940.0,63.75336850495312,26.5320529851596,0.0,9.714578509887275
2010,Central America (ns),48323.0,1192345.0,16.017847183491355,66.72498312149587,2.0712126104441246,15.185957084568644
2010,Channel Islands,2588.0,44423.0,65.75422641424488,16.33838326992774,2.6472773113027035,15.260113004524683
2010,China,59661.0,1207592.0,10.036999251402792,83.55868538380513,0.5776785536836945,5.826636811108388
2010,Code 414,4897.0,87882.0,54.222707721717754,33.98306820509319,1.837691449898728,9.95653262329032
2010,Cuba,23820.0,508337.0,14.84625356800705,71.92236646161896,3.5246303141419966,9.706749656231988
2010,Czechoslovakia,2256.0,41575.0,41.8135898977751,37.43355381840048,6.61455201443175,14.138304269392663
2010,Egypt,714.0,18553.0,10.855387268905298,82.89764458578126,1.3474909718104888,4.899477173502937
2010,England,1073.0,18594.0,58.92761105733032,23.238679143809833,2.3502205012369584,15.483489297622889
2010,Europe (ns),861.0,15410.0,38.68267358857885,38.44256975989617,0.0,22.874756651524983
2010,Finland,5915.0,115416.0,31.53895473764469,58.22329659665905,0.6203645941637208,9.617384071532543
2010,France,3192.0,62529.0,55.28154936109645,19.33342928880999,0.0,25.385021350093556
2010,Germany,6935.0,125825.0,60.2265050665607,18.551162328631037,0.7526326246771309,20.469699980131136
2010,Hawaii (territory),1652.0,34247.0,62.82886092212456,21.3332554676322,0.7007913101877536,15.13709230005548
2010,Hong Kong,3925.0,84506.0,8.664473528506852,78.20746455872955,2.2897782405983005,10.83828367216529
2010,Hungary,1414.0,30699.0,16.104759112674678,72.91442718003843,1.817648783347992,9.16316492393889
2010,Iceland,14695.0,276390.0,45.27587828792648,46.29762292412895,0.15702449437389196,8.26947429357068
2010,India,67305.0,1488665.0,5.319396909311362,90.32327622399936,0.0,4.357326866689282
2010,Indonesia,758.0,14631.0,39.935752853530175,24.18836716560727,3.8890028022691543,31.9868771785934
2010,Iran,3805.0,80072.0,23.387701069037867,55.197821960235785,8.81831351783395,12.596163452892398
2010,Ireland,14463.0,258788.0,70.1203301544121,15.152557305593767,0.0,14.727112539994128
2010,Israel,2703.0,63104.0,11.610991379310345,78.50532454361054,3.7192570993914806,6.164426977687627
2010,Italy,1851.0,35662.0,30.33761426728731,44.2347596881835,1.5787112332454711,23.84891481128372
2010,Japan,13609.0,261072.0,58.10121345835631,31.28792057363486,0.0,10.610865968008826
2010,Jordan,485.0,11815.0,27.287346593313583,46.0262378332628,9.877274650867541,16.80914092255607
2010,Korea,28546.0,610579.0,19.409937125253244,75.74990296096,0.0,4.84015991378675
2010,Lebanon,1736.0,37341.0,14.375619292466727,59.821643769583034,14.485418173053748,11.317318764896495
2010,Macau,2664.0,53678.0,28.02079064048586,52.39390439286113,5.532993032527292,14.052311934125713
2010,Malaysia,1493.0,32502.0,6.688819149590794,84.85323980062766,0.2892129715094456,8.168728078272107
2010,Mexico,240388.0,5796486.0,15.412061721532666,81.08395327789975,0.0,3.503985000567585
2010,Middle East (ns),3004.0,61286.0,29.820839996083937,56.249388114740725,1.9678229938321967,11.961948895343145
2010,Myanmar/Burma,5073.0,120400.0,9.749169435215947,79.39036544850498,2.3388704318936875,8.521594684385382
2010,Netherlands,6982.0,134566.0,24.203736456460025,67.39518154660166,0.0,8.401081996938306
2010,New Zealand,1819.0,43701.0,17.633463765131232,73.71456030754445,0.5697810118761584,8.082194915448158
2010,Northern Ireland,935.0,16254.0,68.11246462409252,17.718715393133998,2.1902300972068414,11.978589885566631
2010,Pakistan,9811.0,202084.0,17.09833534569783,73.30120148057243,0.008412343381959977,9.592050830347777
2010,Philippines,52680.0,1046242.0,25.133477723127157,69.58084267311004,0.0,5.285679603762801
2010,Poland,32768.0,580546.0,76.48937379639167,12.817416707719975,0.0,10.693209495888354
2010,Puerto Rico,25532.0,580890.0,31.737334090791713,52.15410835097867,0.10346192910878134,16.005095629120834
2010,Romania,12690.0,274724.0,18.06722383191858,73.39511655334081,1.2292337036443848,7.3084259110962275
2010,Saudi Arabia,576.0,12748.0,27.039535613429557,18.183244430498902,25.525572638845308,29.251647317226233
2010,Scotland,645.0,10993.0,58.555444373692346,22.314199945419812,1.2644410079141273,17.86591467297371
2010,South America (ns),58118.0,1318945.0,22.282354457539927,63.394682871537476,0.0,14.322962670922593
2010,Spain,23967.0,509355.0,12.58513217696891,79.89830275544561,0.0,7.516565067585476
2010,Sri Lanka,861.0,20291.0,8.831501650978266,83.59371149770834,0.09363757330836331,7.481149278005026
2010,Sweden,1547.0,39207.0,8.493381283954395,87.33644502257249,1.0482821945060832,3.1218914989670212
2010,Switzerland,1465.0,24988.0,52.57723707379542,22.29870337762126,0.0,25.124059548583322
2010,Syria,4393.0,92661.0,37.08032505584874,43.264156441221225,3.8095854782486698,15.845933024681367
2010,Taiwan,366.0,7914.0,19.231741218094516,36.87136719737175,29.049785190801114,14.847106393732625
2010,Thailand,32596.0,682525.0,7.933628804805684,85.31731438408849,0.5488443646752866,6.200212446430534
2010,Turkey,1781.0,40448.0,21.803303006329113,54.54657832278481,12.237935126582279,11.412183544303797
2010,US Virgin Islands,722.0,16576.0,54.57890926640927,18.852557915057915,1.9365347490347489,24.63199806949807
2010,United Kingdom (ns),10685.0,180332.0,55.232016502894666,28.047157465119888,1.4573120688507863,15.263513963134661
2010,Vietnam,4656.0,97457.0,41.770216608350346,39.84731727838945,0.0,18.382466113260207
2010,Wales,224.0,4363.0,70.82282832913133,16.960806784322713,0.5271602108640843,11.68920467568187
2010,West Indies (ns),40793.0,976935.0,18.22690352991755,72.67228628312017,1.651491655023108,7.449318531939177
2010,Yugoslavia,7369.0,158176.0,14.629273720412705,77.00725773821566,1.6178181266437386,6.745650414727898
2015,Afghanistan,159.0,3872.0,21.823347107438014,23.65702479338843,10.27892561983471,44.24070247933884
2015,Africa (ns),34541.0,832001.0,20.10009603353842,71.35856807864414,0.0,8.541335887817443
2015,Alaska (territory),886.0,20339.0,39.6135503220414,53.1540390383008,0.48183293180589015,6.750577707851909
2015,Albania,4865.0,98358.0,20.59415604221314,66.77646963134671,2.576302893511458,10.05307143292869
2015,Americas (ns),298.0,6873.0,32.21300742034046,34.64280517968864,0.0,33.144187399970896
2015,Asia (ns),2318.0,54997.0,18.981035329199774,56.41034965543575,0.0,24.608615015364474
2015,At sea,399.0,9195.0,46.22077215878195,30.690592713431215,0.0,23.08863512778684
2015,Atlantic Islands,1064.0,21963.0,39.762327550881025,49.65624004006738,0.0,10.581432409051587
2015,Australia,3603.0,66646.0,63.532695135492,19.186447798817632,0.22206884134081564,17.05878822434955
2015,Austria,3276.0,56349.0,60.86532147864203,22.10686968712843,0.0,17.027808834229532
2015,Austria-Hungary (ns),1710.0,29069.0,62.83669888885066,11.741029963191028,4.723244693659913,20.699026454298394
2015,Bulgaria,2235.0,40131.0,41.37449851735566,38.26717500186888,5.467095263013631,14.89123121776183
2015,Cambodia,1869.0,36393.0,26.485862665897287,36.17728684087599,5.031187316242135,32.30566317698458
2015,Canada,29862.0,530161.0,61.59770333917432,28.351198975405584,0.0,10.051097685420089
2015,Central America (ns),55021.0,1369565.0,16.874701091222395,65.68983582378345,1.8735875989821584,15.561875486011981
2015,Channel Islands,2325.0,41615.0,68.25423525171213,14.016580559894267,2.729784933317313,14.999399255076295
2015,China,69837.0,1394175.0,10.429824089515305,83.04344863449711,0.35942403213369917,6.167303243853892
2015,Code 414,4287.0,77987.0,53.76793568158795,32.89522612743149,2.85303960916563,10.483798581814918
2015,Cuba,24627.0,518044.0,14.889082780613231,72.33072866397448,3.3549273806858104,9.42526117472647
2015,Czechoslovakia,2174.0,40710.0,40.11790714812086,39.7003193318595,5.2616064848931465,14.920167035126505
2015,Egypt,997.0,24176.0,11.75132362673726,82.16826604897419,1.4477167438782264,4.632693580410324
2015,England,985.0,17460.0,61.86712485681558,21.655211912943873,2.302405498281787,14.175257731958762
2015,Europe (ns),1186.0,21531.0,36.02712368213274,40.490455622126234,0.0,23.482420695741023
2015,Finland,5586.0,112889.0,32.87742827024777,56.24285802868304,0.747637059412343,10.132076641656848
2015,France,3381.0,68649.0,50.68828387886204,23.38417165581436,0.0,25.927544465323603
2015,Germany,7320.0,133061.0,57.48566446967932,20.585295465989283,0.4802308715551514,21.448809192776245
2015,Hawaii (territory),1838.0,36666.0,64.29662357497409,19.966726667757595,0.8291059837451591,14.907543773523155
2015,Hong Kong,4093.0,84673.0,12.229400162979935,73.42718458068097,2.0927568410237027,12.250658415315389
2015,Hungary,1759.0,35664.0,18.413526244952894,70.66229250785105,1.202893674293405,9.721287572902646
2015,Iceland,13426.0,247441.0,46.407022280058676,43.439850307750135,0.15801746679006307,9.995109945401126
2015,India,84284.0,1953949.0,5.5589987251458455,89.99180633680818,0.0,4.449194938045978
2015,Indonesia,887.0,17392.0,37.758739650413986,23.027828886844524,5.836016559337627,33.37741490340386
2015,Iran,3803.0,77721.0,24.433550777782067,53.879903758314995,8.675904839103975,13.010640624798961
2015,Iraq,289.0,5355.0,45.676937441643325,33.03454715219421,1.5873015873015872,19.70121381886088
2015,Ireland,13030.0,239103.0,69.77536877412663,14.76643956788497,0.0,15.4581916579884
2015,Israel,3942.0,94971.0,8.487854187067631,83.3633424940245,3.1462235840414445,5.002579734866433
2015,Italy,1566.0,30822.0,28.275257932645516,45.60054506521316,1.304263188631497,24.81993381350983
2015,Japan,13679.0,265175.0,59.779390968228526,29.143772980107475,0.0,11.076836051663994
2015,Jordan,994.0,27119.0,16.973339724916112,62.941111397912906,5.597551532136141,14.487997345034847
2015,Korea,29275.0,639142.0,20.42316105028304,74.08510158931819,0.0,5.491737360398784
2015,Lebanon,2292.0,50141.0,12.791926766518419,65.48732574140924,12.39704034622365,9.323707145848708
2015,Macau,2747.0,54883.0,29.389792832024487,52.95446677477543,4.979684055171911,12.676056338028168
2015,Malaysia,1753.0,41831.0,7.166933613827066,84.5138772680548,0.05737371805598719,8.261815400062154
2015,Mexico,252746.0,6095365.0,17.069953973223917,78.89345428862751,0.0,4.0365917381485765
2015,Middle East (ns),3394.0,70854.0,29.363197561182147,56.487989386626026,1.7458435656420246,12.402969486549807
2015,Myanmar/Burma,4787.0,112393.0,10.626996343188633,76.51811055848674,2.630057032021567,10.22483606630306
2015,Netherlands,6695.0,123920.0,26.404131697869595,63.854099418979985,0.0,9.74176888315042
2015,New Zealand,2387.0,56654.0,17.506266106541464,73.74942634235889,0.20298654993469128,8.541321001164965
2015,Northern Ireland,821.0,14352.0,68.56187290969899,18.262263099219624,1.5816610925306576,11.594202898550725
2015,Pakistan,10472.0,218484.0,16.42957836729463,74.29560059317845,0.0,9.274821039526921
2015,Philippines,56819.0,1128419.0,26.590920571170816,67.49009011723483,0.0,5.9189893115943635
2015,Poland,31589.0,573951.0,77.23411928892885,12.033779887133223,0.0,10.732100823937932
2015,Puerto Rico,25680.0,595713.0,33.01203767586069,50.33161942076134,0.1665231411770433,16.489819762200923
2015,Romania,12578.0,262802.0,18.93516792109649,72.68780298475659,1.0399464235431997,7.337082670603724
2015,Saudi Arabia,630.0,13857.0,21.41877751317024,19.2826730172476,28.996175218301218,30.302374251280938
2015,Scotland,649.0,11303.0,50.43793683092984,30.478633990975844,2.2029549677076883,16.880474210386623
2015,South America (ns),63041.0,1420834.0,24.253924103730625,60.93949046827427,0.0,14.806585427995106
2015,Spain,26304.0,573893.0,13.8095428938844,78.21231483917734,0.0,7.978142266938263
2015,Sri Lanka,1892.0,45142.0,4.64534136724115,85.52124407425458,0.0,9.833414558504275
2015,Sweden,2020.0,52588.0,8.937400167338556,84.07811668061154,1.2740549174716664,5.710428234578231
2015,Switzerland,1362.0,23401.0,55.493354984829715,18.8667150976454,0.0,25.63992991752489
2015,Syria,4382.0,90151.0,38.799347760978804,40.256902308349325,3.7281893711661547,17.215560559505718
2015,Taiwan,80.0,1401.0,17.915774446823697,32.11991434689507,42.32690935046396,7.637401855817274
2015,Thailand,37152.0,768580.0,8.838507377241147,84.06099560227953,0.5636368367639023,6.536860183715423
2015,Turkey,1893.0,44256.0,21.24005784526392,49.9073571945047,14.370932754880695,14.481652205350686
2015,US Virgin Islands,758.0,17101.0,53.57581427986668,15.010818080813987,4.315537103093386,27.097830536225953
2015,United Kingdom (ns),12484.0,215174.0,54.9717902720589,27.68364207571547,1.3203268052831663,16.024240846942476
2015,Vietnam,5311.0,112115.0,43.36261873968693,37.6916558890425,0.0,18.94572537127057
2015,Wales,267.0,5104.0,68.22100313479625,16.418495297805645,0.8620689655172413,14.498432601880879
2015,West Indies (ns),45723.0,1084295.0,18.754582470637605,71.70428711743575,1.6602492864026857,7.880881125523959
2015,Yugoslavia,6961.0,155983.0,15.845957572299547,75.01458492271593,1.3860484796420123,7.753409025342506
2020,Afghanistan,316.0,7517.0,27.923373686311027,10.296660901955567,12.06598377012106,49.71398164161235
2020,Africa (ns),40039.0,1121598.0,19.041314267678793,73.17809054581052,0.0,7.780595186510675
2020,Alaska (territory),790.0,21085.0,49.338392221958735,43.31041024424947,0.3319895660422101,7.019207967749585
2020,Albania,4893.0,100797.0,23.767572447592684,63.29255831026717,2.1786362689365757,10.761232973203567
2020,Americas (ns),329.0,7906.0,23.90589425752593,44.181634201871994,0.0,31.912471540602073
2020,Asia (ns),2221.0,55949.0,25.174712684766483,46.72112102092977,0.0,28.104166294303738
2020,At sea,279.0,6471.0,56.01916241693711,18.513367331169835,0.0,25.467470251893058
2020,Atlantic Islands,1076.0,23631.0,36.04164021835724,50.65380220896281,0.0,13.304557572679954
2020,Australia,4222.0,81620.0,63.43543249203627,18.990443518745405,0.23891203136486155,17.335211957853467
2020,Austria,3270.0,57491.0,65.78247029969909,16.967873232332018,0.0,17.249656467968897
2020,Austria-Hungary (ns),1481.0,25784.0,66.7041576171269,10.021718895439031,3.68445547626435,19.589668011169717
2020,Bulgaria,2010.0,37763.0,39.2076900669968,39.14943198368774,5.6960516908084635,15.946826258507004
2020,Cambodia,2091.0,41290.0,28.973116977476387,36.15887624122063,3.71518527488496,31.15282150641802
2020,Canada,29596.0,541457.0,61.60138293530234,27.57190321669126,0.0,10.826713848006397
2020,Central America (ns),58290.0,1557137.0,18.01466409185576,64.36736138181804,2.0316773668598205,15.586297159466382
2020,Channel Islands,2103.0,38869.0,68.79003833389076,14.160384882554219,2.557307880315933,14.492268903239086
2020,China,80019.0,1616635.0,11.974997448403627,81.0959802305406,0.3068719902760982,6.622150330779675
2020,Code 414,4373.0,83211.0,55.99019360421098,30.384204011488862,2.48885363713932,11.136748747160832
2020,Cuba,24236.0,583341.0,14.034329834522175,73.01475466322442,3.4280120889839734,9.522903413269427
2020,Czechoslovakia,2002.0,36549.0,44.05866097567649,34.30463213767819,5.496730416700867,16.139976469944457
2020,Egypt,1337.0,37108.0,11.792605368114693,83.49143041931659,1.6384607092810175,3.077503503287701
2020,England,1002.0,17870.0,60.688304420817005,22.30554001119194,3.156127588136542,13.850027979854504
2020,Europe (ns),1044.0,20982.0,41.321132399199314,35.61147650366981,0.0,23.067391097130873
2020,Finland,5005.0,101958.0,34.7800074540497,53.21308774201141,0.8062143235449891,11.200690480393888
2020,France,3624.0,77936.0,51.10860192978854,24.68692260316157,0.0,24.20447546704989
2020,Germany,7826.0,144739.0,55.470882070485494,22.677370991923393,0.4428661245414159,21.408880813049695
2020,Hawaii (territory),1969.0,40910.0,59.01002199951112,22.793937912490833,0.9166462967489611,17.279393791249085
2020,Hong Kong,3915.0,84235.0,13.709265744642963,70.76868285154627,2.1891137888051286,13.332937615005639
2020,Hungary,1978.0,41190.0,20.9274095654285,65.10318038358825,2.0223355183296916,11.947074532653556
2020,Iceland,11807.0,227086.0,47.53177210396061,40.49302907268612,0.324546647525607,11.650652175827659
2020,India,101722.0,2389606.0,5.58719721996011,89.55706505591299,0.0,4.855737724126906
2020,Indonesia,908.0,18609.0,44.60744800902789,22.628835509699606,3.2242463324197965,29.539470148852704
2020,Iran,4013.0,89162.0,24.24687647203966,55.49561472376124,7.832933312397658,12.42457549180144
2020,Iraq,71.0,1231.0,37.28675873273761,37.93663688058489,2.680747359870024,22.095857026807472
2020,Ireland,12159.0,228441.0,71.70516676078287,13.219168187847192,0.0,15.075665051369938
2020,Israel,4598.0,127250.0,9.945776031434185,81.71787819253437,2.8605108055009825,5.475834970530452
2020,Italy,1541.0,32541.0,32.33766632863157,41.74118803970376,0.7436772072155128,25.177468424449156
2020,Japan,14094.0,275055.0,58.80714766137681,29.494464743414955,0.0,11.698387595208231
2020,Jordan,1188.0,33533.0,21.662243163450928,47.96469149792741,9.996123221900815,20.37694211672084
2020,Korea,30506.0,637631.0,23.929200430970262,69.22483379885858,0.0,6.845965770171149
2020,Lebanon,2516.0,61075.0,14.02865329512894,66.8538681948424,10.259516987310684,8.85796152271797
2020,Macau,3035.0,59884.0,31.435775833277667,49.8714180749449,5.220092178211208,13.472713913566228
2020,Malaysia,2472.0,63382.0,7.312801741819444,85.6315673219526,0.12621880029030325,6.929412135937647
2020,Mexico,232857.0,6136011.0,19.36215564150716,75.96441727369785,0.0,4.673427084794992
2020,Middle East (ns),3814.0,83788.0,28.76187520886046,57.879409939370795,0.9416622905427986,12.417052561225951
2020,Myanmar/Burma,4421.0,106855.0,13.803752749052453,72.4767207898554,2.853399466566843,10.86612699452529
2020,Netherlands,5899.0,120843.0,29.000438585602804,61.954767756510506,0.0,9.044793657886679
2020,New Zealand,2629.0,69409.0,18.370816464723593,73.25130746733133,0.2809433935080465,8.096932674437033
2020,Northern Ireland,771.0,14823.0,65.4793226742225,18.936787424947717,2.725494164474128,12.858395736355662
2020,Pakistan,10890.0,228785.0,18.5628428437179,71.73022706908233,0.007430557073234696,9.699499530126538
2020,Philippines,58708.0,1193331.0,28.625670497121085,64.68398122566161,0.0,6.690348277217302
2020,Poland,30731.0,565977.0,77.73036713506026,10.761568049585053,0.0,11.508064815354688
2020,Puerto Rico,26910.0,682830.0,32.30203711026171,51.52966331297688,0.12038135407055929,16.04791822269086
2020,Romania,12517.0,267070.0,22.0039689968922,68.85198637061445,0.9862582843449282,8.157786348148425
2020,Saudi Arabia,781.0,19660.0,21.826042726347914,23.336724313326553,26.210579857578843,28.626653102746697
2020,Scotland,691.0,11764.0,53.145188711322675,28.587215232913977,2.1846310778646716,16.082964977898673
2020,South America (ns),71309.0,1733708.0,24.46911475288803,61.2619887547384,0.0,14.268896492373573
2020,Spain,29203.0,661799.0,16.824292572216034,75.21467998591717,0.0,7.96102744186679
2020,Sri Lanka,2992.0,76067.0,5.221712437719379,85.25378942248281,0.019719457846372277,9.504778681951437
2020,Sweden,2487.0,65433.0,9.594547093973988,84.01723900784009,1.2531902862470008,5.13502361193893
2020,Switzerland,1421.0,24177.0,56.13599702196302,19.952847747859536,0.0,23.911155230177442
2020,Syria,4591.0,95830.0,39.64729207972451,38.45455494104143,2.6400918292810185,19.258061149953043
2020,Thailand,38051.0,799839.0,10.15479365222251,81.85397311208881,0.5461099046183044,7.445123331070377
2020,Turkey,2096.0,54196.0,21.40932910177873,52.03520555022511,12.997269171156542,13.558196176839617
2020,US Virgin Islands,785.0,20064.0,51.84908293460925,21.93480861244019,3.4988038277511966,22.71730462519936
2020,United Kingdom (ns),13682.0,246605.0,54.27262220960646,28.379392145333632,1.3357393402404656,16.012246304819445
2020,Vietnam,5855.0,124750.0,47.7939879759519,32.98436873747495,0.0,19.221643286573144
2020,Wales,268.0,6140.0,77.75244299674267,11.661237785016286,1.5635179153094463,9.022801302931596
2020,West Indies (ns),46027.0,1262037.0,19.970254437865133,70.36315100111962,1.7461453190358127,7.920449241979435
2020,Yugoslavia,6717.0,157126.0,19.059226353372452,71.06525972786172,1.0825706757634002,8.792943243002432
2023,Afghanistan,441.0,9672.0,27.719189412737798,10.184036393713814,13.668320926385444,48.42845326716294
2023,Africa (ns),44577.0,1287646.0,19.978317021914407,72.7407998782274,0.0,7.28088309985819
2023,Alaska (territory),822.0,21900.0,44.954337899543376,47.08219178082192,0.680365296803653,7.283105022831051
2023,Albania,5024.0,103190.0,26.396937687760442,60.97974609942823,1.8780889621087316,10.745227250702587
2023,Americas (ns),343.0,9010.0,26.44839067702553,44.70588235294118,0.0,28.845726970033297
2023,Asia (ns),2466.0,58830.0,26.389597144314124,44.09484956654768,0.0,29.515553289138197
2023,At sea,274.0,6586.0,50.45551169146675,24.202854539933192,0.0,25.341633768600058
2023,Atlantic Islands,1076.0,24726.0,35.10474803850198,51.06770201407426,0.0,13.827549947423764
2023,Australia,4624.0,87614.0,63.76834752436825,19.405574451571667,0.41203460634145234,16.41404341771863
2023,Austria,3263.0,57147.0,65.79872959210458,16.837279297250948,0.0,17.363991110644477
2023,Austria-Hungary (ns),1401.0,23947.0,69.19447112373157,9.287175846661377,3.595439929845075,17.922913099761974
2023,Bulgaria,1913.0,36410.0,39.892886569623734,38.90140071408953,5.053556715188135,16.1521560010986
2023,Cambodia,2333.0,44868.0,29.671480788089504,34.643844165106536,4.123205848266025,31.561469198537935
2023,Canada,30405.0,548642.0,63.091232534147956,25.40837194381764,0.0,11.500395522034406
2023,Central America (ns),61745.0,1704345.0,18.535742469981138,64.19803502225196,1.9259011526422172,15.340321355124695
2023,Channel Islands,2195.0,39964.0,67.87859073165849,13.264437994194775,2.399659693724352,16.457311580422378
2023,China,88842.0,1675454.0,12.691962894833281,80.15236467250071,0.28541517702067615,6.870257255645336
2023,Code 414,4272.0,81492.0,57.10376478672753,28.941491189319198,2.0321013105580916,11.922642713395181
2023,Cuba,25176.0,604578.0,14.690908369143434,71.92157174094989,3.48259447085405,9.904925419052628
2023,Czechoslovakia,2025.0,37934.0,46.11166763325777,33.89571360784521,4.55000790847261,15.44261085042442
2023,Egypt,1385.0,40791.0,13.142604986394058,80.92716530607241,1.4414944473045526,4.488735260228973
2023,England,945.0,16143.0,60.695038097007995,24.74756860558756,2.161927770550703,12.395465526853746
2023,Europe (ns),1099.0,22703.0,41.58040787561115,34.770735145135006,0.0,23.648856979253843
2023,Finland,4740.0,96436.0,37.77323820979717,50.04562611472893,0.8399352938736572,11.341200381600231
2023,France,3823.0,81537.0,49.98344309945178,24.577799036020455,0.0,25.438757864527762
2023,Germany,8031.0,148117.0,54.93292464740712,22.214195534611154,0.4084608788997887,22.44441893908194
2023,Hawaii (territory),2195.0,46046.0,60.99118273031316,20.716240281457672,0.8534943317552014,17.43908265647396
2023,Hong Kong,4239.0,89171.0,14.45761514393693,70.38274775431475,2.240638772695159,12.918998329053167
2023,Hungary,2108.0,43091.0,20.442783875983384,64.89058039961941,1.638393167946903,13.028242556450303
2023,Iceland,11162.0,211983.0,50.288466527976304,36.54679856403579,0.3552171636404806,12.809517744347424
2023,India,115105.0,2568709.0,6.267545292207097,88.62915184242357,0.0,5.103302865369335
2023,Indonesia,1073.0,20206.0,46.67425517173117,21.3055528060972,3.7464119568445016,28.27378006532713
2023,Iran,4184.0,94089.0,25.539648630551927,54.109407050771075,7.757548703886745,12.593395614790252
2023,Ireland,13219.0,244341.0,71.00241056556206,13.489754073200977,0.0,15.50783536123696
2023,Israel,4792.0,127253.0,10.479910100351269,80.57020266712769,3.2840090213983166,5.665878211122724
2023,Italy,1535.0,32068.0,32.10677310714731,42.07309467381813,0.7109891480603716,25.109143070974184
2023,Japan,14739.0,277886.0,58.861907400876625,28.513131284051735,0.0,12.624961315071648
2023,Jordan,1183.0,31182.0,27.84298633827208,34.18318260534924,12.991469437495992,24.98236161888269
2023,Korea,32246.0,640425.0,24.20751844478276,68.06886052230941,0.0,7.723621032907834
2023,Lebanon,2641.0,64240.0,15.431195516811954,65.41874221668742,10.51681195516812,8.633250311332503
2023,Macau,3308.0,63105.0,31.949924728626893,48.7726804532129,4.646224546390935,14.631170271769273
2023,Malaysia,3470.0,85068.0,6.751069732449334,86.8375887525274,0.4796163069544364,5.931725208068839
2023,Mexico,229340.0,6053853.0,21.28456042787957,73.57458134513672,0.0,5.140858226983708
2023,Middle East (ns),4291.0,92326.0,28.435110369776663,58.26636050516647,0.8036739380022963,12.494855187054567
2023,Myanmar/Burma,4484.0,99206.0,14.833780214906355,69.90504606576215,2.873818115839768,12.387355603491725
2023,Netherlands,5653.0,114318.0,29.961160972025404,59.7097569936493,0.0,10.329082034325303
2023,New Zealand,2662.0,66418.0,22.042217471167454,67.95145894185312,0.5284711975669246,9.477852389412508
2023,Northern Ireland,797.0,13770.0,72.37472766884532,12.527233115468409,2.214960058097313,12.883079157588961
2023,Pakistan,11754.0,244426.0,19.76958261396087,70.21266150082234,0.013091896934041386,10.004663988282752
2023,Philippines,63503.0,1217397.0,29.177663490217242,63.68538775765013,0.0,7.136948752132624
2023,Poland,31359.0,571360.0,77.8680691683002,10.560942313077568,0.0,11.570988518622235
2023,Puerto Rico,27422.0,712566.0,33.63716483806412,49.29831061263097,0.11704178981315416,16.947482759491752
2023,Romania,12312.0,259696.0,23.48630706672417,67.09652824841353,0.964974431643152,8.452190253219149
2023,Saudi Arabia,846.0,20570.0,25.721925133689837,18.97909577053962,24.09333981526495,31.205639280505594
2023,Scotland,690.0,11815.0,58.916631400761744,23.427845958527296,1.7774016081252644,15.878121032585696
2023,South America (ns),81849.0,2018244.0,24.288539938679364,61.90356567392248,0.0,13.807894387398154
2023,Spain,32635.0,751375.0,17.976642821493925,73.87749126601231,0.0,8.145865912493761
2023,Sri Lanka,4156.0,97702.0,4.863769421301509,85.34216290352296,0.028658574031237845,9.765409101144296
2023,Sweden,2808.0,72834.0,11.211796688359833,82.8912321168685,1.1148639371721998,4.782107257599473
2023,Switzerland,1443.0,24940.0,56.399358460304725,18.211708099438653,0.0,25.38893344025662
2023,Syria,4564.0,94257.0,41.431405625046416,38.49263184697158,2.5621439256500844,17.513818602331924
2023,Thailand,40465.0,803259.0,11.231495694414878,80.20015959983019,0.5467725851811184,8.021572120573813
2023,Turkey,2253.0,57663.0,22.48062015503876,52.38888021781732,12.51235627698871,12.618143350155211
2023,US Virgin Islands,801.0,21251.0,54.52919862594702,19.495553150439978,2.8610418333254906,23.114206390287517
2023,United Kingdom (ns),13288.0,239200.0,56.75459866220736,24.826505016722408,1.1701505016722407,17.248745819397993
2023,Vietnam,6570.0,131737.0,47.38911619362821,32.55273765153298,0.0,20.05814615483881
2023,Wales,258.0,5369.0,77.25833488545352,13.652449245669585,1.564537157757497,7.52467871111939
2023,West Indies (ns),47463.0,1348516.0,21.106238264877835,68.88513002441202,1.7765454766573034,8.23208623405284
2023,Yugoslavia,6936.0,163660.0,20.187584015642184,69.96944885738726,1.1236710252963462,8.719296101674203
